doc_id,stock_code,stock_name,report_year,has_cash_dividend,cash_dividend_per_10_shares,parent_net_profit_raw,parent_net_profit_unit,parent_net_profit_cny,operating_cash_flow_raw,operating_cash_flow_unit,operating_cash_flow_cny,liquidity_risk_label,risk_keywords,consistency_score,consistency_reason,unit_source,unit_confidence,unit_note
1212964021,600048,保利发展,2021,True,5.8,2738783.66,wan_yuan,27387836600.0,1055121.72,wan_yuan,10551217200.0,low,融资;现金流,2,初步未发现强烈不一致，但仍需人工复核 evidence,单位：万元,high,unit found near 主要会计数据
1213249284,002244,滨江集团,2021,True,2.26,3027327039.62,yuan,3027327039.62,839419095.72,yuan,839419095.72,high,融资;债务;销售回款;行业下行;市场下行;现金流,1,存在现金分红且风险披露较强，需要人工复核是否存在不一致,单位：元,high,unit found near 主要会计数据
1212942161,600266,城建发展,2021,True,1.0,641255003.77,yuan,641255003.77,3091898686.79,yuan,3091898686.79,medium,融资;债务;销售回款,2,初步未发现强烈不一致，但仍需人工复核 evidence,单位：元,high,unit found near 主要会计数据
1212687124,600649,城投控股,2021,True,1.1,911542960.62,yuan,911542960.62,-12678714607.79,yuan,-12678714607.79,low,融资;现金流,2,初步未发现强烈不一致，但仍需人工复核 evidence,单位：元,high,unit found near 主要会计数据
1213255431,600094,大名城,2021,,,-412344720.6,yuan,-412344720.6,6533716477.87,yuan,6533716477.87,medium,融资;债务;行业下行;现金流,2,初步未发现强烈不一致，但仍需人工复核 evidence,单位：元,high,unit found near 主要会计数据
1212886659,000031,大悦城,2021,False,0.0,107510183.02,yuan,107510183.02,-8464132339.15,yuan,-8464132339.15,medium,融资;债务;销售回款,3,不分红或低分红与较高流动性/行业风险披露基本一致,单位：元,high,unit found near 主要会计数据
1212974325,600658,电子城,2021,True,0.15,31574974.79,yuan,31574974.79,2479662143.17,yuan,2479662143.17,low,融资,2,初步未发现强烈不一致，但仍需人工复核 evidence,单位：元,high,unit found near 主要会计数据
1212857761,600325,华发股份,2021,True,4.6,3194749145.48,yuan,3194749145.48,36060713136.64,yuan,36060713136.64,high,流动性;融资;债务;销售回款;现金流,1,存在现金分红且风险披露较强，需要人工复核是否存在不一致,单位：元,high,unit found near 主要会计数据
1213001265,000897,津滨发展,2021,False,0.0,488496565.4,yuan,488496565.4,1269666726.53,yuan,1269666726.53,medium,流动性;融资;债务,3,不分红或低分红与较高流动性/行业风险披露基本一致,单位：元,high,unit found near 主要会计数据
1212897448,600683,京投发展,2021,True,1.3,328623564.48,yuan,328623564.48,7538629978.76,yuan,7538629978.76,medium,融资;债务;销售回款;现金流,2,初步未发现强烈不一致，但仍需人工复核 evidence,单位：元,high,unit found near 主要会计数据
1216282876,600048,保利发展,2022,True,4.5,1834681.95,wan_yuan,18346819500.0,742237.71,wan_yuan,7422377100.0,low,融资;债务,2,初步未发现强烈不一致，但仍需人工复核 evidence,单位：万元,high,unit found near 主要会计数据
1217376050,002244,滨江集团,2022,True,2.5,3741031371.11,yuan,3741031371.11,5213654322.38,yuan,5213654322.38,high,融资;债务;销售回款;行业下行;市场下行;现金流,1,存在现金分红且风险披露较强，需要人工复核是否存在不一致,单位：元,high,unit found near 主要会计数据
1216238461,600266,城建发展,2022,True,1.0,-926179072.98,yuan,-926179072.98,8337011822.52,yuan,8337011822.52,low,融资,2,初步未发现强烈不一致，但仍需人工复核 evidence,单位：元,high,unit found near 主要会计数据
1216220009,600649,城投控股,2022,True,1.1,782555327.01,yuan,782555327.01,-8179987359.73,yuan,-8179987359.73,low,融资;债务,2,初步未发现强烈不一致，但仍需人工复核 evidence,单位：元,high,unit found near 主要会计数据
1216411227,600094,大名城,2022,,,170958318.66,yuan,170958318.66,864132532.9,yuan,864132532.9,medium,融资;债务;销售回款,2,初步未发现强烈不一致，但仍需人工复核 evidence,单位：元,high,unit found near 主要会计数据
1216587088,000031,大悦城,2022,False,0.0,-2882769952.94,yuan,-2882769952.94,2710451072.07,yuan,2710451072.07,medium,流动性;融资;债务;现金流,3,不分红或低分红与较高流动性/行业风险披露基本一致,金额(元,high,unit found near 主要会计数据
1216492720,600658,电子城,2022,True,0.53,591864971.51,yuan,591864971.51,-713342966.07,yuan,-713342966.07,medium,融资;资金安全;现金流,2,初步未发现强烈不一致，但仍需人工复核 evidence,单位：元,high,unit found near 主要会计数据
1216169340,600325,华发股份,2022,True,3.7,2577816542.73,yuan,2577816542.73,38344229233.72,yuan,38344229233.72,high,流动性;融资;债务;销售回款;现金流,1,存在现金分红且风险披露较强，需要人工复核是否存在不一致,单位：元,high,unit found near 主要会计数据
1216276910,000069,华侨城A,2022,False,0.0,-10905405257.13,yuan,-10905405257.13,-574644519.3,yuan,-574644519.3,medium,流动性;融资;债务;现金流,3,不分红或低分红与较高流动性/行业风险披露基本一致,单位：元,high,unit found near 经营活动产生的现金流量净额
1216663767,600743,华远地产,2022,,,-382171.08,wan_yuan,-3821710800.0,180624.26,wan_yuan,1806242600.0,medium,融资;销售回款;现金流,2,初步未发现强烈不一致，但仍需人工复核 evidence,单位：万元,high,unit found near 主要会计数据
1216702482,600383,金地集团,2022,True,1.36,6107289229.12,yuan,6107289229.12,19907248730.04,yuan,19907248730.04,high,流动性;融资;债务;销售回款;现金流,1,存在现金分红且风险披露较强，需要人工复核是否存在不一致,单位：元,high,unit found near 主要会计数据
1216280228,000897,津滨发展,2022,False,0.0,263178142.83,yuan,263178142.83,892834962.43,yuan,892834962.43,medium,流动性;融资;债务,3,不分红或低分红与较高流动性/行业风险披露基本一致,单位：元,high,unit found near 主要会计数据
1216235519,600683,京投发展,2022,,,202194286.9,yuan,202194286.9,-8353843414.61,yuan,-8353843414.61,medium,融资;债务;销售回款;现金流,2,初步未发现强烈不一致，但仍需人工复核 evidence,单位：元,high,unit found near 主要会计数据
1216273292,600663,陆家嘴,2022,True,1.35,1084739736.76,yuan,1084739736.76,-539026302.25,yuan,-539026302.25,low,流动性;融资,2,初步未发现强烈不一致，但仍需人工复核 evidence,单位：元,high,unit found near 主要会计数据
1216402029,600639,浦东金桥,2022,True,5.0,1583573935.75,yuan,1583573935.75,-2531546279.34,yuan,-2531546279.34,medium,融资;资金压力;债务;现金流,2,初步未发现强烈不一致，但仍需人工复核 evidence,单位：元,high,unit found near 主要会计数据
1216690726,600533,栖霞建设,2022,True,1.0,188655817.51,yuan,188655817.51,-904630232.15,yuan,-904630232.15,medium,流动性;融资;销售回款;现金流,2,初步未发现强烈不一致，但仍需人工复核 evidence,单位：元,high,unit found near 主要会计数据
1216269818,000014,沙河股份,2022,True,1.2,248678665.41,yuan,248678665.41,352480091.64,yuan,352480091.64,low,融资;市场下行,2,初步未发现强烈不一致，但仍需人工复核 evidence,单位：元,high,unit found near 主要会计数据
1216402918,600848,上海临港,2022,True,2.0,1008869881.55,yuan,1008869881.55,630029381.12,yuan,630029381.12,low,融资,2,初步未发现强烈不一致，但仍需人工复核 evidence,单位：元,high,unit found near 主要会计数据
1216655440,000006,深振业A,2022,True,0.94,419619088.67,yuan,419619088.67,2315465555.22,yuan,2315465555.22,low,融资;债务,2,初步未发现强烈不一致，但仍需人工复核 evidence,单位：元,high,unit found near 经营活动产生的现金流量净额
1216741112,600376,首开股份,2022,True,1.0,-460946491.82,yuan,-460946491.82,4418636789.65,yuan,4418636789.65,high,流动性;融资;偿债;债务;现金流,1,存在现金分红且风险披露较强，需要人工复核是否存在不一致,单位：元,high,unit found near 主要会计数据
1216705586,600736,苏州高新,2022,True,0.47,309735470.79,yuan,309735470.79,-4679571955.85,yuan,-4679571955.85,medium,融资;资金压力;债务,2,初步未发现强烈不一致，但仍需人工复核 evidence,单位：元,high,unit found near 主要会计数据
1216277657,000965,天保基建,2022,True,0.2,23303105.24,yuan,23303105.24,844983870.05,yuan,844983870.05,medium,融资;销售回款;现金流,2,初步未发现强烈不一致，但仍需人工复核 evidence,单位：元,high,unit found near 主要会计数据
1216094888,600665,天地源,2022,True,580.0,342665522.52,yuan,342665522.52,1395278589.93,yuan,1395278589.93,medium,融资;资金压力;现金流,2,初步未发现强烈不一致，但仍需人工复核 evidence,单位：元,high,unit found near 主要会计数据
1216389638,600648,外高桥,2022,True,3.3,1240803308.65,yuan,1240803308.65,-1709799339.2,yuan,-1709799339.2,low,融资;现金流,2,初步未发现强烈不一致，但仍需人工复核 evidence,单位：元,high,unit found near 主要会计数据
1216273938,000002,万科A,2022,True,6.8,22617778516.45,yuan,22617778516.45,2750449478.44,yuan,2750449478.44,high,流动性;融资;债务;销售回款;现金流,1,存在现金分红且风险披露较强，需要人工复核是否存在不一致,单位：元,high,unit found near 主要会计数据
1216245554,600657,信达地产,2022,True,0.4,550403895.48,yuan,550403895.48,1840131585.83,yuan,1840131585.83,medium,融资;销售回款;现金流,2,初步未发现强烈不一致，但仍需人工复核 evidence,单位：元,high,unit found near 主要会计数据
1216221769,000514,渝开发,2022,True,0.2,162789375.4,yuan,162789375.4,1331825484.56,yuan,1331825484.56,medium,融资;债务;销售回款,2,初步未发现强烈不一致，但仍需人工复核 evidence,单位：元,high,unit found near 主要会计数据
1216299891,000573,粤宏远A,2022,True,0.8,41552025.96,yuan,41552025.96,-60005126.91,yuan,-60005126.91,medium,融资;债务;现金流,2,初步未发现强烈不一致，但仍需人工复核 evidence,单位：元,high,unit found near 主要会计数据
1216411318,600895,张江高科,2022,True,1.6,822216239.79,yuan,822216239.79,-455738528.54,yuan,-455738528.54,medium,融资;债务;现金流,2,初步未发现强烈不一致，但仍需人工复核 evidence,单位：元,high,unit found near 主要会计数据
1216166724,001979,招商蛇口,2022,True,2.3,4264079662.72,yuan,4264079662.72,22173990098.31,yuan,22173990098.31,medium,融资;偿债;债务,2,初步未发现强烈不一致，但仍需人工复核 evidence,单位：元,high,unit found near 经营活动产生的现金流量净额
1216380526,000797,中国武夷,2022,True,0.1,30447748.19,yuan,30447748.19,641355271.61,yuan,641355271.61,low,融资;债务,2,初步未发现强烈不一致，但仍需人工复核 evidence,单位：元,high,unit found near 主要会计数据
1216259939,600675,中华企业,2022,True,0.02,23054529.61,yuan,23054529.61,-1456241244.26,yuan,-1456241244.26,low,融资;现金流,2,初步未发现强烈不一致，但仍需人工复核 evidence,单位：元,high,unit found near 主要会计数据
1216358368,000736,中交地产,2022,True,0.1,33939531.69,yuan,33939531.69,2934839946.48,yuan,2934839946.48,low,融资;债务,2,初步未发现强烈不一致，但仍需人工复核 evidence,金额(元,high,unit found near 主要会计数据
1216380219,000042,中洲控股,2022,True,0.12,79662991.66,yuan,79662991.66,978788918.66,yuan,978788918.66,low,融资;现金流,2,初步未发现强烈不一致，但仍需人工复核 evidence,单位：元,high,unit found near 主要会计数据
1219740785,600048,保利发展,2023,True,4.1,1206715.68,wan_yuan,12067156800.0,1393000.75,wan_yuan,13930007500.0,low,流动性;融资,2,初步未发现强烈不一致，但仍需人工复核 evidence,单位：万元,high,unit found near 主要会计数据
1219860111,002244,滨江集团,2023,True,0.9,2529138720.52,yuan,2529138720.52,32650002223.85,yuan,32650002223.85,high,融资;债务;销售回款;行业下行;市场下行;现金流,1,存在现金分红且风险披露较强，需要人工复核是否存在不一致,单位：元,high,unit found near 经营活动产生的现金流量净额
1219595758,600266,城建发展,2023,True,1.0,558893679.33,yuan,558893679.33,13115821322.6,yuan,13115821322.6,low,融资;市场下行,2,初步未发现强烈不一致，但仍需人工复核 evidence,单位：元,high,unit found near 主要会计数据
1219469544,600649,城投控股,2023,True,0.6,415465384.94,yuan,415465384.94,2095748225.61,yuan,2095748225.61,low,融资;债务,2,初步未发现强烈不一致，但仍需人工复核 evidence,单位：元,high,unit found near 主要会计数据
1219622167,600094,大名城,2023,,,222551310.4,yuan,222551310.4,1648494574.77,yuan,1648494574.77,medium,融资;资金压力;行业下行;现金流,2,初步未发现强烈不一致，但仍需人工复核 evidence,单位：元,high,unit found near 主要会计数据
1219863705,000031,大悦城,2023,False,0.0,-1465394727.5,yuan,-1465394727.5,10641533128.36,yuan,10641533128.36,medium,融资;偿债;债务,3,不分红或低分红与较高流动性/行业风险披露基本一致,金额(元,high,unit found near 主要会计数据
1219910873,600658,电子城,2023,False,0.0,-177281513.09,yuan,-177281513.09,12125999.74,yuan,12125999.74,low,融资;资金压力,2,初步未发现强烈不一致，但仍需人工复核 evidence,单位：元,high,unit found near 主要会计数据
1219875404,600325,华发股份,2023,True,3.7,1837841852.48,yuan,1837841852.48,50543848009.6,yuan,50543848009.6,high,流动性;融资;债务;销售回款;现金流,1,存在现金分红且风险披露较强，需要人工复核是否存在不一致,单位：元,high,unit found near 主要会计数据
1219488813,000069,华侨城A,2023,False,0.0,-6492441996.55,yuan,-6492441996.55,3422537369.95,yuan,3422537369.95,medium,流动性;融资;债务,3,不分红或低分红与较高流动性/行业风险披露基本一致,单位：元,high,unit found near 主要会计数据
1219854998,600743,华远地产,2023,,,-153674.79,wan_yuan,-1536747900.0,7506.82,wan_yuan,75068200.0,medium,融资;债务;现金流,2,初步未发现强烈不一致，但仍需人工复核 evidence,单位：万元,high,unit found near 主要会计数据
1219307600,600383,金地集团,2023,True,0.197,888123647.45,yuan,888123647.45,2192504200.55,yuan,2192504200.55,high,流动性;融资;债务;销售回款;现金流,1,存在现金分红且风险披露较强，需要人工复核是否存在不一致,单位：元,high,unit found near 主要会计数据
1219997738,000897,津滨发展,2023,False,0.0,524858025.13,yuan,524858025.13,-319197708.14,yuan,-319197708.14,low,融资;债务,2,初步未发现强烈不一致，但仍需人工复核 evidence,单位：元,high,unit found near 主要会计数据
1219493208,600683,京投发展,2023,,,-659234610.5,yuan,-659234610.5,-4325766372.9,yuan,-4325766372.9,high,融资;资金压力;债务;销售回款;现金流,2,初步未发现强烈不一致，但仍需人工复核 evidence,单位：元,high,unit found near 主要会计数据
1222823303,600663,陆家嘴,2023,True,1.14,1093441682.63,yuan,1093441682.63,11380550776.89,yuan,11380550776.89,low,流动性;融资,2,初步未发现强烈不一致，但仍需人工复核 evidence,单位：元,high,unit found near 主要会计数据
1219468516,002314,南山控股,2023,False,0.0,147022699.61,yuan,147022699.61,5701298254.25,yuan,5701298254.25,high,流动性;融资;债务;销售回款;现金流,3,不分红或低分红与较高流动性/行业风险披露基本一致,单位：元,high,unit found near 经营活动产生的现金流量净额
1219583682,600639,浦东金桥,2023,True,5.7,1818789939.0,yuan,1818789939.0,-6702977654.4,yuan,-6702977654.4,unknown,,,关键字段缺失，暂不评分,单位：元,high,unit found near 主要会计数据
1219915446,600533,栖霞建设,2023,,,-134388981.92,yuan,-134388981.92,-1059824502.61,yuan,-1059824502.61,medium,融资;债务;销售回款;现金流,2,初步未发现强烈不一致，但仍需人工复核 evidence,单位：元,high,unit found near 主要会计数据
1219865459,002146,荣盛发展,2023,False,0.0,385019315.14,yuan,385019315.14,-1482614272.91,yuan,-1482614272.91,medium,流动性;融资;债务;现金流,3,不分红或低分红与较高流动性/行业风险披露基本一致,单位：元,high,unit found near 经营活动产生的现金流量净额
1219460432,000014,沙河股份,2023,True,2.16,521765764.33,yuan,521765764.33,479912014.13,yuan,479912014.13,low,融资;市场下行,2,初步未发现强烈不一致，但仍需人工复核 evidence,单位：元,high,unit found near 主要会计数据
1219596576,600848,上海临港,2023,True,2.0,1060637822.65,yuan,1060637822.65,-5556624006.2,yuan,-5556624006.2,low,融资;现金流,2,初步未发现强烈不一致，但仍需人工复核 evidence,单位：元,high,unit found near 主要会计数据
1219865454,000006,深振业A,2023,False,0.0,-802652783.79,yuan,-802652783.79,72763171.55,yuan,72763171.55,medium,流动性;融资;债务,3,不分红或低分红与较高流动性/行业风险披露基本一致,单位：元,high,unit found near 主要会计数据
1219689383,600376,首开股份,2023,False,0.0,-6338523623.31,yuan,-6338523623.31,5667322492.02,yuan,5667322492.02,medium,融资;债务;现金流,3,不分红或低分红与较高流动性/行业风险披露基本一致,单位：元,high,unit found near 主要会计数据
1219876783,600736,苏州高新,2023,True,0.27,202071171.25,yuan,202071171.25,-1516174996.05,yuan,-1516174996.05,medium,融资;资金压力;债务,2,初步未发现强烈不一致，但仍需人工复核 evidence,单位：元,high,unit found near 主要会计数据
1219445524,000965,天保基建,2023,True,0.2,20036525.31,yuan,20036525.31,-1244352050.69,yuan,-1244352050.69,low,融资;销售回款,2,初步未发现强烈不一致，但仍需人工复核 evidence,金额(元,high,unit found near 主要会计数据
1219907193,600665,天地源,2023,,,-390388594.01,yuan,-390388594.01,1021864607.65,yuan,1021864607.65,medium,流动性;融资;资金安全;现金流,2,初步未发现强烈不一致，但仍需人工复核 evidence,单位：元,high,unit found near 主要会计数据
1219840458,600648,外高桥,2023,True,3.5,153121365.07,yuan,153121365.07,328789126.84,yuan,328789126.84,low,融资,2,初步未发现强烈不一致，但仍需人工复核 evidence,单位：元,high,unit found near 主要会计数据
1219487237,000002,万科A,2023,False,0.0,12162684368.86,yuan,12162684368.86,3912323920.11,yuan,3912323920.11,medium,流动性;融资;债务;现金流,3,不分红或低分红与较高流动性/行业风险披露基本一致,单位：元,high,unit found near 主要会计数据
1219446608,601155,新城控股,2023,False,0.0,737102713.0,yuan,737102713.0,10157788553.0,yuan,10157788553.0,high,流动性;融资;债务;销售回款;现金流,3,不分红或低分红与较高流动性/行业风险披露基本一致,单位：元,high,unit found near 主要会计数据
1219412328,600657,信达地产,2023,False,0.0,505369230.49,yuan,505369230.49,712494411.15,yuan,712494411.15,medium,流动性;融资;销售回款,3,不分红或低分红与较高流动性/行业风险披露基本一致,单位：元,high,unit found near 主要会计数据
1219824168,000514,渝开发,2023,True,0.12,105730824.17,yuan,105730824.17,-189955616.17,yuan,-189955616.17,medium,融资;债务;销售回款,2,初步未发现强烈不一致，但仍需人工复核 evidence,单位：元,high,unit found near 经营活动产生的现金流量净额
1219600830,000573,粤宏远A,2023,True,0.6,66085698.17,yuan,66085698.17,-298416500.5,yuan,-298416500.5,medium,融资;债务;现金流,2,初步未发现强烈不一致，但仍需人工复核 evidence,金额(元,high,unit found near 主要会计数据
1219463872,600895,张江高科,2023,True,1.9,947899545.53,yuan,947899545.53,-2785411690.76,yuan,-2785411690.76,medium,融资;债务;现金流,2,初步未发现强烈不一致，但仍需人工复核 evidence,单位：元,high,unit found near 主要会计数据
1219330022,001979,招商蛇口,2023,True,3.2,6319420453.25,yuan,6319420453.25,31430984938.66,yuan,31430984938.66,medium,融资;资金压力;债务,2,初步未发现强烈不一致，但仍需人工复核 evidence,单位：元,high,unit found near 经营活动产生的现金流量净额
1219597689,000797,中国武夷,2023,True,0.1,39010956.14,yuan,39010956.14,1270159120.88,yuan,1270159120.88,low,融资;债务,2,初步未发现强烈不一致，但仍需人工复核 evidence,单位：元,high,unit found near 主要会计数据
1219650634,600675,中华企业,2023,True,0.28,555159988.34,yuan,555159988.34,-106422876.62,yuan,-106422876.62,low,融资;现金流,2,初步未发现强烈不一致，但仍需人工复核 evidence,单位：元,high,unit found near 主要会计数据
1219517434,000736,中交地产,2023,False,0.0,-1673099491.28,yuan,-1673099491.28,7048582150.05,yuan,7048582150.05,low,融资;债务,2,初步未发现强烈不一致，但仍需人工复核 evidence,金额(元,high,unit found near 主要会计数据
1219769062,000042,中洲控股,2023,False,0.0,-1844825335.86,yuan,-1844825335.86,1351914948.89,yuan,1351914948.89,low,融资;现金流,2,初步未发现强烈不一致，但仍需人工复核 evidence,金额单位为人民币元,high,unit found near 主要财务指标
