"doc_id","company_name","stock_code","report_year","announcement_title","announcement_date","cninfo_url","pdf_url","local_pdf_path","is_revision","download_status","error_message"
"1219487237","万科A","000002","2023","2023年年度报告","2024-03-29","https://www.cninfo.com.cn/new/disclosure/detail?stockCode=000002&announcementId=1219487237&orgId=gssz0000002","https://static.cninfo.com.cn/finalpage/2024-03-29/1219487237.PDF","data/pdf/万科A_2023_1219487237.pdf","False","success",""
"1219740785","保利发展","600048","2023","保利发展控股集团股份有限公司2023年年度报告","2024-04-23","https://www.cninfo.com.cn/new/disclosure/detail?stockCode=600048&announcementId=1219740785&orgId=9900000161","https://static.cninfo.com.cn/finalpage/2024-04-23/1219740785.PDF","data/pdf/保利发展_2023_1219740785.pdf","False","success",""
"1219330022","招商蛇口","001979","2023","2023年年度报告","2024-03-19","https://www.cninfo.com.cn/new/disclosure/detail?stockCode=001979&announcementId=1219330022&orgId=GD014107","https://static.cninfo.com.cn/finalpage/2024-03-19/1219330022.PDF","data/pdf/招商蛇口_2023_1219330022.pdf","False","success",""
"1219307600","金地集团","600383","2023","2023年年度报告","2024-03-15","https://www.cninfo.com.cn/new/disclosure/detail?stockCode=600383&announcementId=1219307600&orgId=gssh0600383","https://static.cninfo.com.cn/finalpage/2024-03-15/1219307600.PDF","data/pdf/金地集团_2023_1219307600.pdf","False","success",""
"1219860111","滨江集团","002244","2023","2023年年度报告","2024-04-27","https://www.cninfo.com.cn/new/disclosure/detail?stockCode=002244&announcementId=1219860111&orgId=9900004730","https://static.cninfo.com.cn/finalpage/2024-04-27/1219860111.PDF","data/pdf/滨江集团_2023_1219860111.pdf","False","success",""
"1219875404","华发股份","600325","2023","华发股份2023年年度报告","2024-04-27","https://www.cninfo.com.cn/new/disclosure/detail?stockCode=600325&announcementId=1219875404&orgId=gssh0600325","https://static.cninfo.com.cn/finalpage/2024-04-27/1219875404.PDF","data/pdf/华发股份_2023_1219875404.pdf","False","success",""
"1219446608","新城控股","601155","2023","新城控股2023年年度报告","2024-03-29","https://www.cninfo.com.cn/new/disclosure/detail?stockCode=601155&announcementId=1219446608&orgId=GD012027","https://static.cninfo.com.cn/finalpage/2024-03-29/1219446608.PDF","data/pdf/新城控股_2023_1219446608.pdf","False","success",""
"1219689383","首开股份","600376","2023","首开股份2023年年度报告","2024-04-20","https://www.cninfo.com.cn/new/disclosure/detail?stockCode=600376&announcementId=1219689383&orgId=gssh0600376","https://static.cninfo.com.cn/finalpage/2024-04-20/1219689383.PDF","data/pdf/首开股份_2023_1219689383.pdf","False","success",""
"1222823303","陆家嘴","600663","2023","2023年年度报告","2024-04-30","https://www.cninfo.com.cn/new/disclosure/detail?stockCode=600663&announcementId=1222823303","https://static.cninfo.com.cn/finalpage/2024-04-30/1222823303.pdf","data/pdf/陆家嘴_2023_1222823303.pdf","False","success",""
"1219596576","上海临港","600848","2023","2023年年度报告","2024-04-13","https://www.cninfo.com.cn/new/disclosure/detail?stockCode=600848&announcementId=1219596576","https://static.cninfo.com.cn/finalpage/2024-04-13/1219596576.PDF","data/pdf/上海临港_2023_1219596576.pdf","False","success",""
"1219463872","张江高科","600895","2023","2023年年度报告","2024-03-30","https://www.cninfo.com.cn/new/disclosure/detail?stockCode=600895&announcementId=1219463872","https://static.cninfo.com.cn/finalpage/2024-03-30/1219463872.PDF","data/pdf/张江高科_2023_1219463872.pdf","False","success",""
"1219840458","外高桥","600648","2023","2023年年度报告","2024-04-26","https://www.cninfo.com.cn/new/disclosure/detail?stockCode=600648&announcementId=1219840458","https://static.cninfo.com.cn/finalpage/2024-04-26/1219840458.PDF","data/pdf/外高桥_2023_1219840458.pdf","False","success",""
"1219595758","城建发展","600266","2023","2023年年度报告","2024-04-13","https://www.cninfo.com.cn/new/disclosure/detail?stockCode=600266&announcementId=1219595758","https://static.cninfo.com.cn/finalpage/2024-04-13/1219595758.PDF","data/pdf/城建发展_2023_1219595758.pdf","False","success",""
"1219412328","信达地产","600657","2023","2023年年度报告","2024-03-27","https://www.cninfo.com.cn/new/disclosure/detail?stockCode=600657&announcementId=1219412328","https://static.cninfo.com.cn/finalpage/2024-03-27/1219412328.PDF","data/pdf/信达地产_2023_1219412328.pdf","False","success",""
"1219915446","栖霞建设","600533","2023","2023年年度报告","2024-04-30","https://www.cninfo.com.cn/new/disclosure/detail?stockCode=600533&announcementId=1219915446","https://static.cninfo.com.cn/finalpage/2024-04-30/1219915446.PDF","data/pdf/栖霞建设_2023_1219915446.pdf","False","success",""
"1219876783","苏州高新","600736","2023","2023年年度报告","2024-04-27","https://www.cninfo.com.cn/new/disclosure/detail?stockCode=600736&announcementId=1219876783","https://static.cninfo.com.cn/finalpage/2024-04-27/1219876783.PDF","data/pdf/苏州高新_2023_1219876783.pdf","False","success",""
"1219493208","京投发展","600683","2023","2023年年度报告","2024-04-02","https://www.cninfo.com.cn/new/disclosure/detail?stockCode=600683&announcementId=1219493208","https://static.cninfo.com.cn/finalpage/2024-04-02/1219493208.PDF","data/pdf/京投发展_2023_1219493208.pdf","False","success",""
"1219468516","南山控股","002314","2023","深圳市新南山控股（集团）股份有限公司2023年年度报告全文","2024-03-30","https://www.cninfo.com.cn/new/disclosure/detail?stockCode=002314&announcementId=1219468516","https://static.cninfo.com.cn/finalpage/2024-03-30/1219468516.PDF","data/pdf/南山控股_2023_1219468516.pdf","False","success",""
"1219469544","城投控股","600649","2023","2023年年度报告","2024-03-30","https://www.cninfo.com.cn/new/disclosure/detail?stockCode=600649&announcementId=1219469544","https://static.cninfo.com.cn/finalpage/2024-03-30/1219469544.PDF","data/pdf/城投控股_2023_1219469544.pdf","False","success",""
"1219865459","荣盛发展","002146","2023","荣盛房地产发展股份有限公司2023年年度报告全文","2024-04-29","https://www.cninfo.com.cn/new/disclosure/detail?stockCode=002146&announcementId=1219865459","https://static.cninfo.com.cn/finalpage/2024-04-29/1219865459.PDF","data/pdf/荣盛发展_2023_1219865459.pdf","False","success",""
"1219488813","华侨城A","000069","2023","2023年年度报告","2024-03-30","https://www.cninfo.com.cn/new/disclosure/detail?stockCode=000069&announcementId=1219488813&orgId=gssz0000069","https://static.cninfo.com.cn/finalpage/2024-03-30/1219488813.PDF","data/pdf/华侨城A_2023_1219488813.pdf","False","success",""
"1219863705","大悦城","000031","2023","2023年年度报告","2024-04-27","https://www.cninfo.com.cn/new/disclosure/detail?stockCode=000031&announcementId=1219863705&orgId=gssz0000031","https://static.cninfo.com.cn/finalpage/2024-04-27/1219863705.PDF","data/pdf/大悦城_2023_1219863705.pdf","False","success",""
"1219517434","中交地产","000736","2023","2023年年度报告","2024-04-08","https://www.cninfo.com.cn/new/disclosure/detail?stockCode=000736&announcementId=1219517434&orgId=gssz0000736","https://static.cninfo.com.cn/finalpage/2024-04-08/1219517434.PDF","data/pdf/中交地产_2023_1219517434.pdf","False","success",""
"1219865454","深振业A","000006","2023","2023年年度报告","2024-04-27","https://www.cninfo.com.cn/new/disclosure/detail?stockCode=000006&announcementId=1219865454&orgId=gssz0000006","https://static.cninfo.com.cn/finalpage/2024-04-27/1219865454.PDF","data/pdf/深振业A_2023_1219865454.pdf","False","success",""
"1219460432","沙河股份","000014","2023","2023年年度报告","2024-03-30","https://www.cninfo.com.cn/new/disclosure/detail?stockCode=000014&announcementId=1219460432&orgId=gssz0000014","https://static.cninfo.com.cn/finalpage/2024-03-30/1219460432.PDF","data/pdf/沙河股份_2023_1219460432.pdf","False","success",""
"1219769062","中洲控股","000042","2023","2023年年度报告","2024-04-24","https://www.cninfo.com.cn/new/disclosure/detail?stockCode=000042&announcementId=1219769062&orgId=gssz0000042","https://static.cninfo.com.cn/finalpage/2024-04-24/1219769062.PDF","data/pdf/中洲控股_2023_1219769062.pdf","False","success",""
"1219600830","粤宏远A","000573","2023","2023年年度报告","2024-04-13","https://www.cninfo.com.cn/new/disclosure/detail?stockCode=000573&announcementId=1219600830&orgId=gssz0000573","https://static.cninfo.com.cn/finalpage/2024-04-13/1219600830.PDF","data/pdf/粤宏远A_2023_1219600830.pdf","False","success",""
"1219824168","渝开发","000514","2023","2023年年度报告","2024-04-26","https://www.cninfo.com.cn/new/disclosure/detail?stockCode=000514&announcementId=1219824168&orgId=gssz0000514","https://static.cninfo.com.cn/finalpage/2024-04-26/1219824168.PDF","data/pdf/渝开发_2023_1219824168.pdf","False","success",""
"1219997738","津滨发展","000897","2023","2023年年度报告 (更正后)","2024-05-08","https://www.cninfo.com.cn/new/disclosure/detail?stockCode=000897&announcementId=1219997738&orgId=gssz0000897","https://static.cninfo.com.cn/finalpage/2024-05-08/1219997738.PDF","data/pdf/津滨发展_2023_1219997738.pdf","False","success",""
"1219597689","中国武夷","000797","2023","2023年年度报告","2024-04-13","https://www.cninfo.com.cn/new/disclosure/detail?stockCode=000797&announcementId=1219597689&orgId=gssz0000797","https://static.cninfo.com.cn/finalpage/2024-04-13/1219597689.PDF","data/pdf/中国武夷_2023_1219597689.pdf","False","success",""
"1219445524","天保基建","000965","2023","2023年年度报告","2024-03-29","https://www.cninfo.com.cn/new/disclosure/detail?stockCode=000965&announcementId=1219445524&orgId=gssz0000965","https://static.cninfo.com.cn/finalpage/2024-03-29/1219445524.PDF","data/pdf/天保基建_2023_1219445524.pdf","False","success",""
"1219854998","华远地产","600743","2023","华远地产2023年年度报告","2024-04-27","https://www.cninfo.com.cn/new/disclosure/detail?stockCode=600743&announcementId=1219854998&orgId=gssh0600743","https://static.cninfo.com.cn/finalpage/2024-04-27/1219854998.PDF","data/pdf/华远地产_2023_1219854998.pdf","False","success",""
"1219622167","大名城","600094","2023","大名城2023年年度报告","2024-04-16","https://www.cninfo.com.cn/new/disclosure/detail?stockCode=600094&announcementId=1219622167&orgId=gssh0600094","https://static.cninfo.com.cn/finalpage/2024-04-16/1219622167.PDF","data/pdf/大名城_2023_1219622167.pdf","False","success",""
"1219650634","中华企业","600675","2023","中华企业2023年年度报告","2024-04-18","https://www.cninfo.com.cn/new/disclosure/detail?stockCode=600675&announcementId=1219650634&orgId=gssh0600675","https://static.cninfo.com.cn/finalpage/2024-04-18/1219650634.PDF","data/pdf/中华企业_2023_1219650634.pdf","False","success",""
"1219910873","电子城","600658","2023","电子城 2023年年度报告","2024-04-30","https://www.cninfo.com.cn/new/disclosure/detail?stockCode=600658&announcementId=1219910873&orgId=gssh0600658","https://static.cninfo.com.cn/finalpage/2024-04-30/1219910873.PDF","data/pdf/电子城_2023_1219910873.pdf","False","success",""
"1219583682","浦东金桥","600639","2023","浦东金桥2023年年度报告","2024-04-12","https://www.cninfo.com.cn/new/disclosure/detail?stockCode=600639&announcementId=1219583682&orgId=gssh0600639","https://static.cninfo.com.cn/finalpage/2024-04-12/1219583682.PDF","data/pdf/浦东金桥_2023_1219583682.pdf","False","success",""
"1219907193","天地源","600665","2023","天地源股份有限公司2023年年度报告","2024-04-30","https://www.cninfo.com.cn/new/disclosure/detail?stockCode=600665&announcementId=1219907193&orgId=gssh0600665","https://static.cninfo.com.cn/finalpage/2024-04-30/1219907193.PDF","data/pdf/天地源_2023_1219907193.pdf","False","success",""
