doc_id,stock_code,stock_name,title,pdf_path,markdown_path,parser,markdown_non_empty,has_garbled_text,has_dividend_keyword,has_financial_keyword,has_risk_keyword,page_no_preserved,needs_manual_fix
1209488269,000002,万科A,2020年年度报告,data/pdf/万科A_2020_1209488269.pdf,data/parsed/pdf_text/doc_1209488269_pdf_text.md,pypdf_text_fallback,True,False,True,True,True,approximate,no
1212750450,000002,万科A,2021年年度报告,data/pdf/万科A_2021_1212750450.pdf,data/parsed/pdf_text/doc_1212750450_pdf_text.md,pypdf_text_fallback,True,False,True,True,True,approximate,no
1216273938,000002,万科A,2022年年度报告,data/pdf/万科A_2022_1216273938.pdf,data/parsed/pdf_text/doc_1216273938_pdf_text.md,pypdf_text_fallback,True,False,True,True,True,approximate,no
1219487237,000002,万科A,2023年年度报告,data/pdf/万科A_2023_1219487237.pdf,data/parsed/pdf_text/doc_1219487237_pdf_text.md,pypdf_text_fallback,True,False,True,True,True,approximate,no
1222974139,000002,万科A,2024年年度报告,data/pdf/万科A_2024_1222974139.pdf,data/parsed/pdf_text/doc_1222974139_pdf_text.md,pypdf_text_fallback,True,False,True,True,True,approximate,no
1209490148,000006,深振业A,2020年年度报告,data/pdf/深振业A_2020_1209490148.pdf,data/parsed/pdf_text/doc_1209490148_pdf_text.md,pypdf_text_fallback,True,False,True,True,True,approximate,no
1212943740,000006,深振业A,2021年年度报告,data/pdf/深振业A_2021_1212943740.pdf,data/parsed/pdf_text/doc_1212943740_pdf_text.md,pypdf_text_fallback,True,False,True,True,True,approximate,no
1216655440,000006,深振业A,2022年年度报告,data/pdf/深振业A_2022_1216655440.pdf,data/parsed/pdf_text/doc_1216655440_pdf_text.md,pypdf_text_fallback,True,False,True,True,True,approximate,no
1219865454,000006,深振业A,2023年年度报告,data/pdf/深振业A_2023_1219865454.pdf,data/parsed/pdf_text/doc_1219865454_pdf_text.md,pypdf_text_fallback,True,False,True,True,True,approximate,no
1223309112,000006,深振业A,2024年年度报告,data/pdf/深振业A_2024_1223309112.pdf,data/parsed/pdf_text/doc_1223309112_pdf_text.md,pypdf_text_fallback,True,False,False,True,True,approximate,no
1209462326,000014,沙河股份,2020年年度报告,data/pdf/沙河股份_2020_1209462326.pdf,data/parsed/pdf_text/doc_1209462326_pdf_text.md,pypdf_text_fallback,True,False,True,True,True,approximate,no
1212745865,000014,沙河股份,2021年年度报告,data/pdf/沙河股份_2021_1212745865.pdf,data/parsed/pdf_text/doc_1212745865_pdf_text.md,pypdf_text_fallback,True,False,True,True,True,approximate,no
1216269818,000014,沙河股份,2022年年度报告,data/pdf/沙河股份_2022_1216269818.pdf,data/parsed/pdf_text/doc_1216269818_pdf_text.md,pypdf_text_fallback,True,False,True,True,True,approximate,no
1219460432,000014,沙河股份,2023年年度报告,data/pdf/沙河股份_2023_1219460432.pdf,data/parsed/pdf_text/doc_1219460432_pdf_text.md,pypdf_text_fallback,True,False,True,True,True,approximate,no
1222943281,000014,沙河股份,2024年年度报告,data/pdf/沙河股份_2024_1222943281.pdf,data/parsed/pdf_text/doc_1222943281_pdf_text.md,pypdf_text_fallback,True,False,True,True,True,approximate,no
1209464144,000031,大悦城,2020年年度报告,data/pdf/大悦城_2020_1209464144.pdf,data/parsed/pdf_text/doc_1209464144_pdf_text.md,pypdf_text_fallback,True,False,True,True,True,approximate,no
1212886659,000031,大悦城,2021年年度报告,data/pdf/大悦城_2021_1212886659.pdf,data/parsed/pdf_text/doc_1212886659_pdf_text.md,pypdf_text_fallback,True,False,True,True,True,approximate,no
1216587088,000031,大悦城,2022年年度报告,data/pdf/大悦城_2022_1216587088.pdf,data/parsed/pdf_text/doc_1216587088_pdf_text.md,pypdf_text_fallback,True,False,True,True,True,approximate,no
1219863705,000031,大悦城,2023年年度报告,data/pdf/大悦城_2023_1219863705.pdf,data/parsed/pdf_text/doc_1219863705_pdf_text.md,pypdf_text_fallback,True,False,True,True,True,approximate,no
1223153545,000031,大悦城,2024年年度报告,data/pdf/大悦城_2024_1223153545.pdf,data/parsed/pdf_text/doc_1223153545_pdf_text.md,pypdf_text_fallback,True,False,True,True,True,approximate,no
1209676546,000042,中洲控股,2020年年度报告,data/pdf/中洲控股_2020_1209676546.pdf,data/parsed/pdf_text/doc_1209676546_pdf_text.md,pypdf_text_fallback,True,False,True,True,True,approximate,no
1212898226,000042,中洲控股,2021年年度报告,data/pdf/中洲控股_2021_1212898226.pdf,data/parsed/pdf_text/doc_1212898226_pdf_text.md,pypdf_text_fallback,True,False,True,True,True,approximate,no
1216380219,000042,中洲控股,2022年年度报告,data/pdf/中洲控股_2022_1216380219.pdf,data/parsed/pdf_text/doc_1216380219_pdf_text.md,pypdf_text_fallback,True,False,True,True,True,approximate,no
1219769062,000042,中洲控股,2023年年度报告,data/pdf/中洲控股_2023_1219769062.pdf,data/parsed/pdf_text/doc_1219769062_pdf_text.md,pypdf_text_fallback,True,False,False,True,True,approximate,no
1223544393,000042,中洲控股,2024年年度报告（更新后）,data/pdf/中洲控股_2024_1223544393.pdf,data/parsed/pdf_text/doc_1223544393_pdf_text.md,pypdf_text_fallback,True,False,False,True,True,approximate,no
1209477137,000069,华侨城A,2020年年度报告,data/pdf/华侨城A_2020_1209477137.pdf,data/parsed/pdf_text/doc_1209477137_pdf_text.md,pypdf_text_fallback,True,False,True,True,True,approximate,no
1212757289,000069,华侨城A,2021年年度报告,data/pdf/华侨城A_2021_1212757289.pdf,data/parsed/pdf_text/doc_1212757289_pdf_text.md,pypdf_text_fallback,True,False,True,True,True,approximate,no
1216276910,000069,华侨城A,2022年年度报告,data/pdf/华侨城A_2022_1216276910.pdf,data/parsed/pdf_text/doc_1216276910_pdf_text.md,pypdf_text_fallback,True,False,True,True,True,approximate,no
1219488813,000069,华侨城A,2023年年度报告,data/pdf/华侨城A_2023_1219488813.pdf,data/parsed/pdf_text/doc_1219488813_pdf_text.md,pypdf_text_fallback,True,False,True,True,True,approximate,no
1222949848,000069,华侨城A,2024年年度报告,data/pdf/华侨城A_2024_1222949848.pdf,data/parsed/pdf_text/doc_1222949848_pdf_text.md,pypdf_text_fallback,True,False,True,True,True,approximate,no
1209452441,000514,渝开发,2020年年度报告,data/pdf/渝开发_2020_1209452441.pdf,data/parsed/pdf_text/doc_1209452441_pdf_text.md,pypdf_text_fallback,True,False,True,True,True,approximate,no
1212688336,000514,渝开发,2021年年度报告,data/pdf/渝开发_2021_1212688336.pdf,data/parsed/pdf_text/doc_1212688336_pdf_text.md,pypdf_text_fallback,True,False,True,True,True,approximate,no
1216221769,000514,渝开发,2022年年度报告,data/pdf/渝开发_2022_1216221769.pdf,data/parsed/pdf_text/doc_1216221769_pdf_text.md,pypdf_text_fallback,True,False,True,True,True,approximate,no
1219824168,000514,渝开发,2023年年度报告,data/pdf/渝开发_2023_1219824168.pdf,data/parsed/pdf_text/doc_1219824168_pdf_text.md,pypdf_text_fallback,True,False,True,True,True,approximate,no
1223243787,000514,渝开发,2024年年度报告,data/pdf/渝开发_2024_1223243787.pdf,data/parsed/pdf_text/doc_1223243787_pdf_text.md,pypdf_text_fallback,True,False,True,True,True,approximate,no
1209682944,000573,粤宏远A,2020年年度报告,data/pdf/粤宏远A_2020_1209682944.pdf,data/parsed/pdf_text/doc_1209682944_pdf_text.md,pypdf_text_fallback,True,False,True,True,True,approximate,no
1212911763,000573,粤宏远A,2021年年度报告,data/pdf/粤宏远A_2021_1212911763.pdf,data/parsed/pdf_text/doc_1212911763_pdf_text.md,pypdf_text_fallback,True,False,True,True,True,approximate,no
1216299891,000573,粤宏远A,2022年年度报告,data/pdf/粤宏远A_2022_1216299891.pdf,data/parsed/pdf_text/doc_1216299891_pdf_text.md,pypdf_text_fallback,True,False,True,True,True,approximate,no
1219600830,000573,粤宏远A,2023年年度报告,data/pdf/粤宏远A_2023_1219600830.pdf,data/parsed/pdf_text/doc_1219600830_pdf_text.md,pypdf_text_fallback,True,False,True,True,True,approximate,no
1223151948,000573,粤宏远A,2024年年度报告,data/pdf/粤宏远A_2024_1223151948.pdf,data/parsed/pdf_text/doc_1223151948_pdf_text.md,pypdf_text_fallback,True,False,True,True,True,approximate,no
1209691245,000736,中交地产,2020年年度报告,data/pdf/中交地产_2020_1209691245.pdf,data/parsed/pdf_text/doc_1209691245_pdf_text.md,pypdf_text_fallback,True,False,True,True,True,approximate,no
1212925020,000736,中交地产,2021年年度报告,data/pdf/中交地产_2021_1212925020.pdf,data/parsed/pdf_text/doc_1212925020_pdf_text.md,pypdf_text_fallback,True,False,True,True,True,approximate,no
1216358368,000736,中交地产,2022年年度报告,data/pdf/中交地产_2022_1216358368.pdf,data/parsed/pdf_text/doc_1216358368_pdf_text.md,pypdf_text_fallback,True,False,True,True,True,approximate,no
1219517434,000736,中交地产,2023年年度报告,data/pdf/中交地产_2023_1219517434.pdf,data/parsed/pdf_text/doc_1219517434_pdf_text.md,pypdf_text_fallback,True,False,True,True,True,approximate,no
1223096939,000736,中交地产,2024年年度报告,data/pdf/中交地产_2024_1223096939.pdf,data/parsed/pdf_text/doc_1223096939_pdf_text.md,pypdf_text_fallback,True,False,True,True,True,approximate,no
1209814356,000797,中国武夷,2020年年度报告,data/pdf/中国武夷_2020_1209814356.pdf,data/parsed/pdf_text/doc_1209814356_pdf_text.md,pypdf_text_fallback,True,False,True,True,True,approximate,no
1212856624,000797,中国武夷,2021年年度报告,data/pdf/中国武夷_2021_1212856624.pdf,data/parsed/pdf_text/doc_1212856624_pdf_text.md,pypdf_text_fallback,True,False,True,True,True,approximate,no
1216380526,000797,中国武夷,2022年年度报告,data/pdf/中国武夷_2022_1216380526.pdf,data/parsed/pdf_text/doc_1216380526_pdf_text.md,pypdf_text_fallback,True,False,True,True,True,approximate,no
1219597689,000797,中国武夷,2023年年度报告,data/pdf/中国武夷_2023_1219597689.pdf,data/parsed/pdf_text/doc_1219597689_pdf_text.md,pypdf_text_fallback,True,False,True,True,True,approximate,no
1223149048,000797,中国武夷,2024年年度报告,data/pdf/中国武夷_2024_1223149048.pdf,data/parsed/pdf_text/doc_1223149048_pdf_text.md,pypdf_text_fallback,True,False,True,True,True,approximate,no
1209491037,000897,津滨发展,2020年年度报告,data/pdf/津滨发展_2020_1209491037.pdf,data/parsed/pdf_text/doc_1209491037_pdf_text.md,pypdf_text_fallback,True,False,True,True,True,approximate,no
1213001265,000897,津滨发展,2021年年度报告（更正后）,data/pdf/津滨发展_2021_1213001265.pdf,data/parsed/pdf_text/doc_1213001265_pdf_text.md,pypdf_text_fallback,True,False,True,True,True,approximate,no
1216280228,000897,津滨发展,2022年年度报告,data/pdf/津滨发展_2022_1216280228.pdf,data/parsed/pdf_text/doc_1216280228_pdf_text.md,pypdf_text_fallback,True,False,True,True,True,approximate,no
1219997738,000897,津滨发展,2023年年度报告 (更正后),data/pdf/津滨发展_2023_1219997738.pdf,data/parsed/pdf_text/doc_1219997738_pdf_text.md,pypdf_text_fallback,True,False,True,True,True,approximate,no
1223361063,000897,津滨发展,2024年年度报告,data/pdf/津滨发展_2024_1223361063.pdf,data/parsed/pdf_text/doc_1223361063_pdf_text.md,pypdf_text_fallback,True,False,True,True,True,approximate,no
1209427529,000965,天保基建,2020年年度报告,data/pdf/天保基建_2020_1209427529.pdf,data/parsed/pdf_text/doc_1209427529_pdf_text.md,pypdf_text_fallback,True,False,True,True,True,approximate,no
1212913665,000965,天保基建,2021年年度报告,data/pdf/天保基建_2021_1212913665.pdf,data/parsed/pdf_text/doc_1212913665_pdf_text.md,pypdf_text_fallback,True,False,True,True,True,approximate,no
1216277657,000965,天保基建,2022年年度报告,data/pdf/天保基建_2022_1216277657.pdf,data/parsed/pdf_text/doc_1216277657_pdf_text.md,pypdf_text_fallback,True,False,True,True,True,approximate,no
1219445524,000965,天保基建,2023年年度报告,data/pdf/天保基建_2023_1219445524.pdf,data/parsed/pdf_text/doc_1219445524_pdf_text.md,pypdf_text_fallback,True,False,True,True,True,approximate,no
1222947586,000965,天保基建,2024年年度报告,data/pdf/天保基建_2024_1222947586.pdf,data/parsed/pdf_text/doc_1222947586_pdf_text.md,pypdf_text_fallback,True,False,True,True,True,approximate,no
1209425561,001979,招商蛇口,2020年年度报告,data/pdf/招商蛇口_2020_1209425561.pdf,data/parsed/pdf_text/doc_1209425561_pdf_text.md,pypdf_text_fallback,True,False,True,True,True,approximate,no
1212634443,001979,招商蛇口,2021年年度报告,data/pdf/招商蛇口_2021_1212634443.pdf,data/parsed/pdf_text/doc_1212634443_pdf_text.md,pypdf_text_fallback,True,False,True,True,True,approximate,no
1216166724,001979,招商蛇口,2022年年度报告,data/pdf/招商蛇口_2022_1216166724.pdf,data/parsed/pdf_text/doc_1216166724_pdf_text.md,pypdf_text_fallback,True,False,True,True,True,approximate,no
1219330022,001979,招商蛇口,2023年年度报告,data/pdf/招商蛇口_2023_1219330022.pdf,data/parsed/pdf_text/doc_1219330022_pdf_text.md,pypdf_text_fallback,True,False,True,True,True,approximate,no
1222823028,001979,招商蛇口,2024年年度报告,data/pdf/招商蛇口_2024_1222823028.pdf,data/parsed/pdf_text/doc_1222823028_pdf_text.md,pypdf_text_fallback,True,False,True,True,True,approximate,no
1219865459,002146,荣盛发展,荣盛房地产发展股份有限公司2023年年度报告全文,data/pdf/荣盛发展_2023_1219865459.pdf,data/parsed/pdf_text/doc_1219865459_pdf_text.md,pypdf_text_fallback,True,False,False,True,True,approximate,no
1209847122,002244,滨江集团,2020年年度报告,data/pdf/滨江集团_2020_1209847122.pdf,data/parsed/pdf_text/doc_1209847122_pdf_text.md,pypdf_text_fallback,True,False,True,True,True,approximate,no
1213249284,002244,滨江集团,2021年年度报告,data/pdf/滨江集团_2021_1213249284.pdf,data/parsed/pdf_text/doc_1213249284_pdf_text.md,pypdf_text_fallback,True,False,True,True,True,approximate,no
1217376050,002244,滨江集团,杭州滨江房产集团股份有限公司2022年年度报告（更新后),data/pdf/滨江集团_2022_1217376050.pdf,data/parsed/pdf_text/doc_1217376050_pdf_text.md,pypdf_text_fallback,True,False,True,True,True,approximate,no
1219860111,002244,滨江集团,2023年年度报告,data/pdf/滨江集团_2023_1219860111.pdf,data/parsed/pdf_text/doc_1219860111_pdf_text.md,pypdf_text_fallback,True,False,True,True,True,approximate,no
1223305625,002244,滨江集团,2024年年度报告,data/pdf/滨江集团_2024_1223305625.pdf,data/parsed/pdf_text/doc_1223305625_pdf_text.md,pypdf_text_fallback,True,False,True,True,True,approximate,no
1219468516,002314,南山控股,深圳市新南山控股（集团）股份有限公司2023年年度报告全文,data/pdf/南山控股_2023_1219468516.pdf,data/parsed/pdf_text/doc_1219468516_pdf_text.md,pypdf_text_fallback,True,False,False,True,True,approximate,no
1209726563,600048,保利发展,保利发展控股集团股份有限公司2020年年度报告,data/pdf/保利发展_2020_1209726563.pdf,data/parsed/pdf_text/doc_1209726563_pdf_text.md,pypdf_text_fallback,True,False,True,True,True,approximate,no
1212964021,600048,保利发展,保利发展控股集团股份有限公司2021年年度报告,data/pdf/保利发展_2021_1212964021.pdf,data/parsed/pdf_text/doc_1212964021_pdf_text.md,pypdf_text_fallback,True,False,True,True,True,approximate,no
1216282876,600048,保利发展,保利发展控股集团股份有限公司2022年年度报告,data/pdf/保利发展_2022_1216282876.pdf,data/parsed/pdf_text/doc_1216282876_pdf_text.md,pypdf_text_fallback,True,False,True,True,True,approximate,no
1219740785,600048,保利发展,保利发展控股集团股份有限公司2023年年度报告,data/pdf/保利发展_2023_1219740785.pdf,data/parsed/pdf_text/doc_1219740785_pdf_text.md,pypdf_text_fallback,True,False,True,True,True,approximate,no
1223382905,600048,保利发展,保利发展控股集团股份有限公司2024年年度报告,data/pdf/保利发展_2024_1223382905.pdf,data/parsed/pdf_text/doc_1223382905_pdf_text.md,pypdf_text_fallback,True,False,True,True,True,approximate,no
1209797563,600094,大名城,大名城2020年年度报告,data/pdf/大名城_2020_1209797563.pdf,data/parsed/pdf_text/doc_1209797563_pdf_text.md,pypdf_text_fallback,True,False,True,True,True,approximate,no
1213255431,600094,大名城,大名城2021年年度报告,data/pdf/大名城_2021_1213255431.pdf,data/parsed/pdf_text/doc_1213255431_pdf_text.md,pypdf_text_fallback,True,False,True,True,True,approximate,no
1216411227,600094,大名城,大名城2022年年度报告,data/pdf/大名城_2022_1216411227.pdf,data/parsed/pdf_text/doc_1216411227_pdf_text.md,pypdf_text_fallback,True,False,True,True,True,approximate,no
1219622167,600094,大名城,大名城2023年年度报告,data/pdf/大名城_2023_1219622167.pdf,data/parsed/pdf_text/doc_1219622167_pdf_text.md,pypdf_text_fallback,True,False,True,True,True,approximate,no
1223317029,600094,大名城,大名城2024年年度报告,data/pdf/大名城_2024_1223317029.pdf,data/parsed/pdf_text/doc_1223317029_pdf_text.md,pypdf_text_fallback,True,False,True,True,True,approximate,no
1209669275,600266,城建发展,2020年年度报告,data/pdf/城建发展_2020_1209669275.pdf,data/parsed/pdf_text/doc_1209669275_pdf_text.md,pypdf_text_fallback,True,False,True,True,True,approximate,no
1212942161,600266,城建发展,2021年年度报告,data/pdf/城建发展_2021_1212942161.pdf,data/parsed/pdf_text/doc_1212942161_pdf_text.md,pypdf_text_fallback,True,False,True,True,True,approximate,no
1216238461,600266,城建发展,2022年年度报告,data/pdf/城建发展_2022_1216238461.pdf,data/parsed/pdf_text/doc_1216238461_pdf_text.md,pypdf_text_fallback,True,False,True,True,True,approximate,no
1219595758,600266,城建发展,2023年年度报告,data/pdf/城建发展_2023_1219595758.pdf,data/parsed/pdf_text/doc_1219595758_pdf_text.md,pypdf_text_fallback,True,False,True,True,True,approximate,no
1223155072,600266,城建发展,2024年年度报告,data/pdf/城建发展_2024_1223155072.pdf,data/parsed/pdf_text/doc_1223155072_pdf_text.md,pypdf_text_fallback,True,False,True,True,True,approximate,no
1209797610,600325,华发股份,华发股份2020年年度报告,data/pdf/华发股份_2020_1209797610.pdf,data/parsed/pdf_text/doc_1209797610_pdf_text.md,pypdf_text_fallback,True,False,True,True,True,approximate,no
1212857761,600325,华发股份,华发股份2021年年度报告,data/pdf/华发股份_2021_1212857761.pdf,data/parsed/pdf_text/doc_1212857761_pdf_text.md,pypdf_text_fallback,True,False,True,True,True,approximate,no
1216169340,600325,华发股份,华发股份2022年年度报告,data/pdf/华发股份_2022_1216169340.pdf,data/parsed/pdf_text/doc_1216169340_pdf_text.md,pypdf_text_fallback,True,False,True,True,True,approximate,no
1219875404,600325,华发股份,华发股份2023年年度报告,data/pdf/华发股份_2023_1219875404.pdf,data/parsed/pdf_text/doc_1219875404_pdf_text.md,pypdf_text_fallback,True,False,True,True,True,approximate,no
1222807709,600325,华发股份,华发股份2024年年度报告,data/pdf/华发股份_2024_1222807709.pdf,data/parsed/pdf_text/doc_1222807709_pdf_text.md,pypdf_text_fallback,True,False,True,True,True,approximate,no
1209712122,600376,首开股份,首开股份2020年年度报告,data/pdf/首开股份_2020_1209712122.pdf,data/parsed/pdf_text/doc_1209712122_pdf_text.md,pypdf_text_fallback,True,False,True,True,True,approximate,no
1212940956,600376,首开股份,首开股份2021年年度报告,data/pdf/首开股份_2021_1212940956.pdf,data/parsed/pdf_text/doc_1212940956_pdf_text.md,pypdf_text_fallback,True,False,True,True,True,approximate,no
1216741112,600376,首开股份,首开股份2022年年度报告（修订版）,data/pdf/首开股份_2022_1216741112.pdf,data/parsed/pdf_text/doc_1216741112_pdf_text.md,pypdf_text_fallback,True,False,True,True,True,approximate,no
1219689383,600376,首开股份,首开股份2023年年度报告,data/pdf/首开股份_2023_1219689383.pdf,data/parsed/pdf_text/doc_1219689383_pdf_text.md,pypdf_text_fallback,True,False,True,True,True,approximate,no
1223218785,600376,首开股份,首开股份2024年年度报告,data/pdf/首开股份_2024_1223218785.pdf,data/parsed/pdf_text/doc_1223218785_pdf_text.md,pypdf_text_fallback,True,False,True,True,True,approximate,no
1209713680,600383,金地集团,2020年年度报告,data/pdf/金地集团_2020_1209713680.pdf,data/parsed/pdf_text/doc_1209713680_pdf_text.md,pypdf_text_fallback,True,False,True,True,True,approximate,no
1213086449,600383,金地集团,2021年年度报告,data/pdf/金地集团_2021_1213086449.pdf,data/parsed/pdf_text/doc_1213086449_pdf_text.md,pypdf_text_fallback,True,False,True,True,True,approximate,no
1216702482,600383,金地集团,2022年年度报告,data/pdf/金地集团_2022_1216702482.pdf,data/parsed/pdf_text/doc_1216702482_pdf_text.md,pypdf_text_fallback,True,False,True,True,True,approximate,no
1219307600,600383,金地集团,2023年年度报告,data/pdf/金地集团_2023_1219307600.pdf,data/parsed/pdf_text/doc_1219307600_pdf_text.md,pypdf_text_fallback,True,False,True,True,True,approximate,no
1222881250,600383,金地集团,公司2024年年度报告,data/pdf/金地集团_2024_1222881250.pdf,data/parsed/pdf_text/doc_1222881250_pdf_text.md,pypdf_text_fallback,True,False,True,True,True,approximate,no
1209878729,600533,栖霞建设,栖霞建设2020年年度报告,data/pdf/栖霞建设_2020_1209878729.pdf,data/parsed/pdf_text/doc_1209878729_pdf_text.md,pypdf_text_fallback,True,False,True,True,True,approximate,no
1213269486,600533,栖霞建设,栖霞建设2021年年度报告,data/pdf/栖霞建设_2021_1213269486.pdf,data/parsed/pdf_text/doc_1213269486_pdf_text.md,pypdf_text_fallback,True,False,True,True,True,approximate,no
1216690726,600533,栖霞建设,栖霞建设2022年年度报告,data/pdf/栖霞建设_2022_1216690726.pdf,data/parsed/pdf_text/doc_1216690726_pdf_text.md,pypdf_text_fallback,True,False,True,True,True,approximate,no
1219915446,600533,栖霞建设,2023年年度报告,data/pdf/栖霞建设_2023_1219915446.pdf,data/parsed/pdf_text/doc_1219915446_pdf_text.md,pypdf_text_fallback,True,False,True,True,True,approximate,no
1223420265,600533,栖霞建设,栖霞建设2024年年度报告,data/pdf/栖霞建设_2024_1223420265.pdf,data/parsed/pdf_text/doc_1223420265_pdf_text.md,pypdf_text_fallback,True,False,True,True,True,approximate,no
1209711545,600639,浦东金桥,浦东金桥2020年年度报告,data/pdf/浦东金桥_2020_1209711545.pdf,data/parsed/pdf_text/doc_1209711545_pdf_text.md,pypdf_text_fallback,True,False,True,True,True,approximate,no
1212921077,600639,浦东金桥,浦东金桥2021年年度报告,data/pdf/浦东金桥_2021_1212921077.pdf,data/parsed/pdf_text/doc_1212921077_pdf_text.md,pypdf_text_fallback,True,False,True,True,True,approximate,no
1216402029,600639,浦东金桥,浦东金桥2022年年度报告,data/pdf/浦东金桥_2022_1216402029.pdf,data/parsed/pdf_text/doc_1216402029_pdf_text.md,pypdf_text_fallback,True,False,True,True,True,approximate,no
1219583682,600639,浦东金桥,浦东金桥2023年年度报告,data/pdf/浦东金桥_2023_1219583682.pdf,data/parsed/pdf_text/doc_1219583682_pdf_text.md,pypdf_text_fallback,True,False,True,True,False,approximate,no
1223095385,600639,浦东金桥,浦东金桥2024年年度报告,data/pdf/浦东金桥_2024_1223095385.pdf,data/parsed/pdf_text/doc_1223095385_pdf_text.md,pypdf_text_fallback,True,False,True,True,True,approximate,no
1209488634,600648,外高桥,2020年年度报告,data/pdf/外高桥_2020_1209488634.pdf,data/parsed/pdf_text/doc_1209488634_pdf_text.md,pypdf_text_fallback,True,False,True,True,True,approximate,no
1212752447,600648,外高桥,2021年年度报告,data/pdf/外高桥_2021_1212752447.pdf,data/parsed/pdf_text/doc_1212752447_pdf_text.md,pypdf_text_fallback,True,False,True,True,True,approximate,no
1216389638,600648,外高桥,2022年年度报告,data/pdf/外高桥_2022_1216389638.pdf,data/parsed/pdf_text/doc_1216389638_pdf_text.md,pypdf_text_fallback,True,False,True,True,True,approximate,no
1219840458,600648,外高桥,2023年年度报告,data/pdf/外高桥_2023_1219840458.pdf,data/parsed/pdf_text/doc_1219840458_pdf_text.md,pypdf_text_fallback,True,False,True,True,True,approximate,no
1223283699,600648,外高桥,2024年年度报告,data/pdf/外高桥_2024_1223283699.pdf,data/parsed/pdf_text/doc_1223283699_pdf_text.md,pypdf_text_fallback,True,False,True,True,True,approximate,no
1209438821,600649,城投控股,上海城投控股股份有限公司2020年年度报告,data/pdf/城投控股_2020_1209438821.pdf,data/parsed/pdf_text/doc_1209438821_pdf_text.md,pypdf_text_fallback,True,False,True,True,True,approximate,no
1212687124,600649,城投控股,上海城投控股股份有限公司2021年年度报告,data/pdf/城投控股_2021_1212687124.pdf,data/parsed/pdf_text/doc_1212687124_pdf_text.md,pypdf_text_fallback,True,False,True,True,True,approximate,no
1216220009,600649,城投控股,上海城投控股股份有限公司2022年年度报告,data/pdf/城投控股_2022_1216220009.pdf,data/parsed/pdf_text/doc_1216220009_pdf_text.md,pypdf_text_fallback,True,False,True,True,True,approximate,no
1219469544,600649,城投控股,2023年年度报告,data/pdf/城投控股_2023_1219469544.pdf,data/parsed/pdf_text/doc_1219469544_pdf_text.md,pypdf_text_fallback,True,False,True,True,True,approximate,no
1222949865,600649,城投控股,上海城投控股股份有限公司2024年年度报告,data/pdf/城投控股_2024_1222949865.pdf,data/parsed/pdf_text/doc_1222949865_pdf_text.md,pypdf_text_fallback,True,False,True,True,True,approximate,no
1209465365,600657,信达地产,信达地产2020年度报告全文,data/pdf/信达地产_2020_1209465365.pdf,data/parsed/pdf_text/doc_1209465365_pdf_text.md,pypdf_text_fallback,True,False,True,True,True,approximate,no
1212728709,600657,信达地产,信达地产2021年年度报告,data/pdf/信达地产_2021_1212728709.pdf,data/parsed/pdf_text/doc_1212728709_pdf_text.md,pypdf_text_fallback,True,False,True,True,True,approximate,no
1216245554,600657,信达地产,信达地产2022年度报告,data/pdf/信达地产_2022_1216245554.pdf,data/parsed/pdf_text/doc_1216245554_pdf_text.md,pypdf_text_fallback,True,False,True,True,True,approximate,no
1219412328,600657,信达地产,2023年年度报告,data/pdf/信达地产_2023_1219412328.pdf,data/parsed/pdf_text/doc_1219412328_pdf_text.md,pypdf_text_fallback,True,False,True,True,True,approximate,no
1223073009,600657,信达地产,信达地产2024年年度报告,data/pdf/信达地产_2024_1223073009.pdf,data/parsed/pdf_text/doc_1223073009_pdf_text.md,pypdf_text_fallback,True,False,True,True,True,approximate,no
1209768898,600658,电子城,电子城2020年年度报告,data/pdf/电子城_2020_1209768898.pdf,data/parsed/pdf_text/doc_1209768898_pdf_text.md,pypdf_text_fallback,True,False,True,True,True,approximate,no
1212974325,600658,电子城,电子城 2021年年度报告,data/pdf/电子城_2021_1212974325.pdf,data/parsed/pdf_text/doc_1212974325_pdf_text.md,pypdf_text_fallback,True,False,True,True,True,approximate,no
1216492720,600658,电子城,电子城 2022年年度报告,data/pdf/电子城_2022_1216492720.pdf,data/parsed/pdf_text/doc_1216492720_pdf_text.md,pypdf_text_fallback,True,False,True,True,True,approximate,no
1219910873,600658,电子城,电子城 2023年年度报告,data/pdf/电子城_2023_1219910873.pdf,data/parsed/pdf_text/doc_1219910873_pdf_text.md,pypdf_text_fallback,True,False,True,True,True,approximate,no
1223318757,600658,电子城,电子城 2024年年度报告,data/pdf/电子城_2024_1223318757.pdf,data/parsed/pdf_text/doc_1223318757_pdf_text.md,pypdf_text_fallback,True,False,True,True,True,approximate,no
1209488661,600663,陆家嘴,2020年年度报告,data/pdf/陆家嘴_2020_1209488661.pdf,data/parsed/pdf_text/doc_1209488661_pdf_text.md,pypdf_text_fallback,True,False,True,True,True,approximate,no
1212740393,600663,陆家嘴,2021年年度报告,data/pdf/陆家嘴_2021_1212740393.pdf,data/parsed/pdf_text/doc_1212740393_pdf_text.md,pypdf_text_fallback,True,False,True,True,True,approximate,no
1216273292,600663,陆家嘴,2022年年度报告,data/pdf/陆家嘴_2022_1216273292.pdf,data/parsed/pdf_text/doc_1216273292_pdf_text.md,pypdf_text_fallback,True,False,True,True,True,approximate,no
1222823303,600663,陆家嘴,2023年年度报告,data/pdf/陆家嘴_2023_1222823303.pdf,data/parsed/pdf_text/doc_1222823303_pdf_text.md,pypdf_text_fallback,True,False,True,True,True,approximate,no
1223218010,600663,陆家嘴,2024年年度报告,data/pdf/陆家嘴_2024_1223218010.pdf,data/parsed/pdf_text/doc_1223218010_pdf_text.md,pypdf_text_fallback,True,False,True,True,True,approximate,no
1209833820,600665,天地源,天地源股份有限公司2020年年度报告,data/pdf/天地源_2020_1209833820.pdf,data/parsed/pdf_text/doc_1209833820_pdf_text.md,pypdf_text_fallback,True,False,True,True,True,approximate,no
1212854184,600665,天地源,天地源股份有限公司2021年年度报告,data/pdf/天地源_2021_1212854184.pdf,data/parsed/pdf_text/doc_1212854184_pdf_text.md,pypdf_text_fallback,True,False,True,True,True,approximate,no
1216094888,600665,天地源,天地源股份有限公司2022年年度报告,data/pdf/天地源_2022_1216094888.pdf,data/parsed/pdf_text/doc_1216094888_pdf_text.md,pypdf_text_fallback,True,False,True,True,True,approximate,no
1219907193,600665,天地源,天地源股份有限公司2023年年度报告,data/pdf/天地源_2023_1219907193.pdf,data/parsed/pdf_text/doc_1219907193_pdf_text.md,pypdf_text_fallback,True,False,True,True,True,approximate,no
1223426241,600665,天地源,天地源股份有限公司2024年年度报告,data/pdf/天地源_2024_1223426241.pdf,data/parsed/pdf_text/doc_1223426241_pdf_text.md,pypdf_text_fallback,True,False,True,True,True,approximate,no
1212671221,600675,中华企业,中华企业股份有限公司2021年年度报告,data/pdf/中华企业_2021_1212671221.pdf,data/parsed/pdf_text/doc_1212671221_pdf_text.md,pypdf_text_fallback,True,False,True,True,True,approximate,no
1216259939,600675,中华企业,中华企业股份有限公司2022年年度报告,data/pdf/中华企业_2022_1216259939.pdf,data/parsed/pdf_text/doc_1216259939_pdf_text.md,pypdf_text_fallback,True,False,True,True,True,approximate,no
1219650634,600675,中华企业,中华企业2023年年度报告,data/pdf/中华企业_2023_1219650634.pdf,data/parsed/pdf_text/doc_1219650634_pdf_text.md,pypdf_text_fallback,True,False,True,True,True,approximate,no
1223113350,600675,中华企业,中华企业股份有限公司2024年年度报告,data/pdf/中华企业_2024_1223113350.pdf,data/parsed/pdf_text/doc_1223113350_pdf_text.md,pypdf_text_fallback,True,False,True,True,True,approximate,no
1209681108,600683,京投发展,京投发展2020年年度报告,data/pdf/京投发展_2020_1209681108.pdf,data/parsed/pdf_text/doc_1209681108_pdf_text.md,pypdf_text_fallback,True,False,True,True,True,approximate,no
1212897448,600683,京投发展,京投发展2021年年度报告,data/pdf/京投发展_2021_1212897448.pdf,data/parsed/pdf_text/doc_1212897448_pdf_text.md,pypdf_text_fallback,True,False,True,True,True,approximate,no
1216235519,600683,京投发展,京投发展股份有限公司2022年年度报告,data/pdf/京投发展_2022_1216235519.pdf,data/parsed/pdf_text/doc_1216235519_pdf_text.md,pypdf_text_fallback,True,False,True,True,True,approximate,no
1219493208,600683,京投发展,2023年年度报告,data/pdf/京投发展_2023_1219493208.pdf,data/parsed/pdf_text/doc_1219493208_pdf_text.md,pypdf_text_fallback,True,False,True,True,True,approximate,no
1222992709,600683,京投发展,京投发展股份有限公司2024年年度报告（更正后）,data/pdf/京投发展_2024_1222992709.pdf,data/parsed/pdf_text/doc_1222992709_pdf_text.md,pypdf_text_fallback,True,False,True,True,True,approximate,no
1209879258,600736,苏州高新,苏州高新2020年年度报告,data/pdf/苏州高新_2020_1209879258.pdf,data/parsed/pdf_text/doc_1209879258_pdf_text.md,pypdf_text_fallback,True,False,True,True,True,approximate,no
1213108822,600736,苏州高新,苏州高新2021年年度报告,data/pdf/苏州高新_2021_1213108822.pdf,data/parsed/pdf_text/doc_1213108822_pdf_text.md,pypdf_text_fallback,True,False,True,True,True,approximate,no
1216705586,600736,苏州高新,苏州高新2022年年度报告,data/pdf/苏州高新_2022_1216705586.pdf,data/parsed/pdf_text/doc_1216705586_pdf_text.md,pypdf_text_fallback,True,False,True,True,True,approximate,no
1219876783,600736,苏州高新,2023年年度报告,data/pdf/苏州高新_2023_1219876783.pdf,data/parsed/pdf_text/doc_1219876783_pdf_text.md,pypdf_text_fallback,True,False,True,True,True,approximate,no
1223317086,600736,苏州高新,苏州高新2024年年度报告,data/pdf/苏州高新_2024_1223317086.pdf,data/parsed/pdf_text/doc_1223317086_pdf_text.md,pypdf_text_fallback,True,False,True,True,True,approximate,no
1209711003,600743,华远地产,华远地产2020年年度报告,data/pdf/华远地产_2020_1209711003.pdf,data/parsed/pdf_text/doc_1209711003_pdf_text.md,pypdf_text_fallback,True,False,True,True,True,approximate,no
1212974730,600743,华远地产,华远地产2021年年度报告,data/pdf/华远地产_2021_1212974730.pdf,data/parsed/pdf_text/doc_1212974730_pdf_text.md,pypdf_text_fallback,True,False,True,True,True,approximate,no
1216663767,600743,华远地产,华远地产2022年年度报告,data/pdf/华远地产_2022_1216663767.pdf,data/parsed/pdf_text/doc_1216663767_pdf_text.md,pypdf_text_fallback,True,False,True,True,True,approximate,no
1219854998,600743,华远地产,华远地产2023年年度报告,data/pdf/华远地产_2023_1219854998.pdf,data/parsed/pdf_text/doc_1219854998_pdf_text.md,pypdf_text_fallback,True,False,True,True,True,approximate,no
1223414289,600743,华远地产,华远地产2024年年度报告,data/pdf/华远地产_2024_1223414289.pdf,data/parsed/pdf_text/doc_1223414289_pdf_text.md,pypdf_text_fallback,True,False,True,True,True,approximate,no
1209681921,600848,上海临港,2020年年度报告,data/pdf/上海临港_2020_1209681921.pdf,data/parsed/pdf_text/doc_1209681921_pdf_text.md,pypdf_text_fallback,True,False,True,True,True,approximate,no
1213176301,600848,上海临港,2021年年度报告,data/pdf/上海临港_2021_1213176301.pdf,data/parsed/pdf_text/doc_1213176301_pdf_text.md,pypdf_text_fallback,True,False,True,True,True,approximate,no
1216402918,600848,上海临港,2022年年度报告,data/pdf/上海临港_2022_1216402918.pdf,data/parsed/pdf_text/doc_1216402918_pdf_text.md,pypdf_text_fallback,True,False,True,True,True,approximate,no
1219596576,600848,上海临港,2023年年度报告,data/pdf/上海临港_2023_1219596576.pdf,data/parsed/pdf_text/doc_1219596576_pdf_text.md,pypdf_text_fallback,True,False,True,True,True,approximate,no
1223073233,600848,上海临港,2024年年度报告,data/pdf/上海临港_2024_1223073233.pdf,data/parsed/pdf_text/doc_1223073233_pdf_text.md,pypdf_text_fallback,True,False,True,True,True,approximate,no
1213263785,600895,张江高科,2021年年度报告,data/pdf/张江高科_2021_1213263785.pdf,data/parsed/pdf_text/doc_1213263785_pdf_text.md,pypdf_text_fallback,True,False,True,True,True,approximate,no
1216411318,600895,张江高科,2022年年度报告,data/pdf/张江高科_2022_1216411318.pdf,data/parsed/pdf_text/doc_1216411318_pdf_text.md,pypdf_text_fallback,True,False,True,True,True,approximate,no
1219463872,600895,张江高科,2023年年度报告,data/pdf/张江高科_2023_1219463872.pdf,data/parsed/pdf_text/doc_1219463872_pdf_text.md,pypdf_text_fallback,True,False,True,True,True,approximate,no
1222946501,600895,张江高科,2024年年度报告,data/pdf/张江高科_2024_1222946501.pdf,data/parsed/pdf_text/doc_1222946501_pdf_text.md,pypdf_text_fallback,True,False,True,True,True,approximate,no
1209464414,601155,新城控股,新城控股2020年年度报告,data/pdf/新城控股_2020_1209464414.pdf,data/parsed/pdf_text/doc_1209464414_pdf_text.md,pypdf_text_fallback,True,False,True,True,True,approximate,no
1212753271,601155,新城控股,新城控股2021年年度报告,data/pdf/新城控股_2021_1212753271.pdf,data/parsed/pdf_text/doc_1212753271_pdf_text.md,pypdf_text_fallback,True,False,True,True,True,approximate,no
1216298501,601155,新城控股,新城控股2022年年度报告,data/pdf/新城控股_2022_1216298501.pdf,data/parsed/pdf_text/doc_1216298501_pdf_text.md,pypdf_text_fallback,True,False,True,True,True,approximate,no
1219446608,601155,新城控股,新城控股2023年年度报告,data/pdf/新城控股_2023_1219446608.pdf,data/parsed/pdf_text/doc_1219446608_pdf_text.md,pypdf_text_fallback,True,False,True,True,True,approximate,no
1224697369,601155,新城控股,新城控股2024年年度报告（更正版）,data/pdf/新城控股_2024_1224697369.pdf,data/parsed/pdf_text/doc_1224697369_pdf_text.md,pypdf_text_fallback,True,False,True,True,True,approximate,no
