doc_id,stock_name,section_type,quality_issue,page_no,evidence_preview,human_check_status,review_notes
1209488269,万科A,dividend,ok,1,"董事会主席郁亮，执行副总裁、财务负责人韩慧华声明：保证本报告中财务报告的真 实、准确和完整。 公司2020年度分红派息预案：以实施分红派息时股权登记日的总股本为基数， 2020年 度拟合计派发现金股息人民币14,522,165,251.25",pending,candidate_from_front_matter
1209488269,万科A,financial,ok,1,"（一）主要会计数据和财务指标 单位：元 2020 年 2019 年 本年比上年增减 2018 年 营业收入 419,111,677,714.12 367,893,877,538.94 13.92% 297,679,331,103.19 营业",pending,candidate_from_heading
1209488269,万科A,liquidity_risk,ok,1,负债 49.3 亿元，占总体有息负债的 1.9%。 分境内境外来看，境内负债占比 74.4%，境外负债占比 25.6%。人民币负债占比 74.6%，外币负债占 比 25.4%。 融资情况表（截至 2020 年 12 月 31 日） 单位：万,pending,candidate_from_heading
1212750450,万科A,dividend,ok,1,"董事会主席郁亮，执行副总裁、财务负责人 韩慧华声明：保证本报告中财务报告的真 实、准确和完整。 公司2021年度分红派息预案：以实施分红派息时股权登记日的总股本为基数，2021年 度拟合计派发现金股息人民币11,276,621,873.75",pending,candidate_from_front_matter
1212750450,万科A,financial,ok,1,"（一）主要会计数据和财务指标 单位：元 2021 年 2020 年 本年比上年增减 2019 年 营业收入 452,797,773,974.14 419,111,677,714.12 8.04% 367,893,877,538.94 营业利",pending,candidate_from_heading
1212750450,万科A,liquidity_risk,ok,1,分境内境外来看，境内负债占比 75.8%，境外负债占比 24.2%。人民币负债占比 76.6%，外币负债占 比 23.4%。 截止年末，本集团存量融资的综合融资成本为 4.11%。 融资情况表（截至 2021 年 12 月 31 日） 单位,pending,candidate_from_heading
1216273938,万科A,dividend,ok,1,"董事会主席郁亮，执行副总裁、财务负责人韩慧华声明：保证本报告中财务报告的真 实、准确和完整。 公司2022年度分红派息预案：以实施分红派息时股权登记日的总股本为基数，2022年 度拟合计派发现金股息人民币 8,063,272,365.72元",pending,candidate_from_front_matter
1216273938,万科A,financial,ok,1,"（一）主要会计数据和财务指标 单位：元 2022年 2021年 本年比上年增减 2020年 营业收入 503,838,367,358.76 452,797,773,974.14 11.27% 419,111,677,714.12 营业利润 ",pending,candidate_from_heading
1216273938,万科A,liquidity_risk,ok,1,负债 65.5亿元，占总体有息负债的 2.1%。无抵押无质押的有息负债占比为 95.2%。 分境内境外来看，境内负债占比 78.1%，境外负债占比 21.9%。人民币负债占比 78.7%，外币负债占 比 21.3%。 融资情况表（截至 20,pending,candidate_from_heading
1219487237,万科A,dividend,ok,1,董事会主席郁亮，执行副总裁、财务负责人 韩慧华声明：保证本报告中财务报告的真 实、准确和完整。 公司2023年度分红派息预案： 当前行业正在经历深度调整，经过综合考量， 2023年度 公司不派发股息，不送红股，也不进行资本公积金转增股本 。,pending,candidate_from_front_matter
1219487237,万科A,financial,ok,1,"（一）主要会计数据和财务指标 单位：元 项目 2023 年 1-12 月 2022 年 1-12 月 比上年同期增减 调整前 调整后 调整后 营业收入 465,739,076,702.23 503,838,367,358.76 503,83",pending,candidate_from_heading
1219487237,万科A,liquidity_risk,ok,1,分利率类型来看，有息负债中，固定利率负债占比 38.7%，浮动利率负债占比 61.3%。 分境内境外来看，境内负债占比 80.3%，境外负债占比 19.7%。人民币负债占比 80.9%，外币负债占比 19.1%。 融资情况表（截至 2023,pending,candidate_from_heading
1222974139,万科A,dividend,ok,1,董事会主席辛杰，执行副总裁、财务负责人韩慧华声明：保证本报告中财 务报告的真实、准确和完整。 公司 2024 年度分红派息预案：2024 年度公司不派发股息，不送红股，也不 进行资本公积转增股本。公司 2024 年度分红派息预案还需提交公司,pending,candidate_from_front_matter
1222974139,万科A,financial,ok,1,"（一）主要会计数据和财务指标 单位：元 项目 2024 年 2023 年 本年比上年增减 2022 年 营业收入 343,176,440,712.96 465,739,076,702.23 -26.32% 503,838,367,358.7",pending,candidate_from_heading
1222974139,万科A,liquidity_risk,ok,1,29 分境内境外来看，境内负债占比 83.0%，境外负债占比 17.0%。人民币负债占比 84.5%， 外币负债占比 15.5%。 融资情况表（截至 2024 年 12 月 31 日） 单位：万元 融资途径 融资余额 融资成本区间 期限结构,pending,candidate_from_heading
1209490148,深振业A,dividend,ok,1,公司已在本报告中详细描述可能存在的相关风险及应对措施，敬请查阅第四 节经营情况讨论与分析中“公司未来发展的展望”的有关内容。 公司经本次董事会审议通过的利润分配预案为：以2020年总股本为基数，向 全体股东每10股派发现金股利1.93元（含,pending,candidate_from_front_matter
1209490148,深振业A,financial,ok,1,"六、主要会计数据和财务指标 公司是否需追溯调整或重述以前年度会计数据 □ 是 √ 否 2020年 2019年 本年比上年增减 2018年 营业收入（元） 2,934,733,294.89 3,731,330,139.73 -21.35% 2",pending,candidate_from_heading
1209490148,深振业A,liquidity_risk,ok,1,<!-- page 14 --> 深圳市振业(集团)股份有限公司 2020年年度报告 14 （四）融资情况 2020年，公司主要利用金融机构贷款进行融资，主要是中长期银行贷款，利率区间主要按照中国人民银行贷款市场报 价利率（LPR）加减点数,pending,candidate_from_heading
1212943740,深振业A,dividend,ok,1,公司已在本报告中详细描述可能存在的相关风险及应对措施， 敬请查阅第三 节管理层讨论与分析中“公司未来发展的展望”的有关内容。 公司经本次董事会审议通过的利润分配预案为：以 2021年总股本为基数，向 全体股东每10股派发现金股利1.21元 ,pending,candidate_from_front_matter
1212943740,深振业A,financial,ok,1,"六、主要会计数据和财务指标 公司是否需追溯调整或重述以前年度会计数据 □ 是 √ 否 2021 年 2020 年 本年比上年增减 2019 年 营业收入（元） 3,088,570,522.77 2,934,733,294.89 5.24% ",pending,candidate_from_heading
1212943740,深振业A,liquidity_risk,wrong_section,1,2、公司资产或项目存在盈利预测，且报告期仍处在盈利预测期间，公司就资产或项目达到原盈利预测及 其原因做出说明 □ 适用 √ 不适用 二、控股股东及其他关联方对上市公司的非经营性占用资金情况 □ 适用 √ 不适用 公司报告期不存在控股股东及其,pending,candidate_from_heading; lacks_liquidity_context
1216655440,深振业A,dividend,ok,1,公司已在本报告中详细描述可能存在的相关风险及应对措施，敬请查阅 第三节管理层讨论与分析中“公司未来发展的展望” 有关内容。 公司经本次董事会审议通过的利润分配预案为：以 2022 年总股本为基数， 向全体股东每 10 股派发现金股利 0.9,pending,candidate_from_front_matter
1216655440,深振业A,financial,ok,1,"六、主要会计数据和财务指标 公司是否需追溯调整或重述以前年度会计数据 □ 是 √ 否 2022 年 2021 年 本年比上年增减 2020 年 营业收入（元） 3,699,813,551.41 3,088,570,522.77 19.79%",pending,candidate_from_heading
1216655440,深振业A,liquidity_risk,wrong_section,1,谈论内容涉及公司项 目销售、土地储备、 未来发展方向、管理 层变动、资金情况 等。 问询有关情况详见公司 于2022 年01 月01 日- 2022 年12 月31 日于 深圳证券交易所网站互 动平台进行的投资者问 答。 电话沟通 谈论内容,pending,candidate_from_heading; lacks_liquidity_context
1219865454,深振业A,dividend,ok,1,公司已在本报告中详细描述可能存在的相关风险及应对措施， 敬请查阅第 三节管理层讨论与分析中“公司未来发展的展望”有关内容。 公司经本次董事会审议通过的利润分配预案为：公司计划不派发现金红利， 不送红股，不以公积金转增股本。 <!-- pag,pending,candidate_from_front_matter
1219865454,深振业A,financial,ok,1,"六、主要会计数据和财务指标 公司是否需追溯调整或重述以前年度会计数据 □是 ☑否 追溯调整或重述原因 2023 年 2022 年 本年比上年增减 2021 年 营业收入（元） 2,810,603,447.85 3,699,813,551.4",pending,candidate_from_heading
1219865454,深振业A,liquidity_risk,wrong_section,1,积极采取有利于改善公司投资价值的相关举措。 1、多年来，公司致力于房地产开发相关领域，已成为具备国家一级开发资质的优质国有上市房地产企业。但近年来 受行业形势影响，经营表现不及预期。未来，公司将不断优化投资布局，提升项目开发、产品营销、管理,pending,candidate_from_heading; lacks_liquidity_context
1223309112,深振业A,dividend,ok,1,公司已在本报告中详细描述可能存在的相关风险及应对措施， 敬 请查阅第三节管理层讨论与分析中 “公司未来发展的展望” 有关内容。 公司计划不派发现金红利，不送红股，不以公积金转增股本。 <!-- page 3 --> 深圳市振业(集团)股份有,pending,candidate_from_front_matter
1223309112,深振业A,financial,ok,1,"六、主要会计数据和财务指标 公司是否需追溯调整或重述以前年度会计数据 □是 ☑否 2024 年 2023 年 本年比上年 增减 2022 年 营业收入（元） 6,064,948,157.84 2,810,603,447.85 115.79%",pending,candidate_from_heading
1223309112,深振业A,liquidity_risk,wrong_section,1,2、公司资产或项目存在盈利预测，且报告期仍处在盈利预测期间，公司就资产或项目达到 原盈利预测及其原因做出说明 □适用 ☑不适用 二、控股股东及其他关联方对上市公司的非经营性占用资金情况 □适用 ☑不适用 公司报告期不存在控股股东及其他关联方,pending,candidate_from_heading; lacks_liquidity_context
1209462326,沙河股份,dividend,ok,1,风险。公司已在本报告中描述公司存在的风险因素，敬请查阅经营情况讨论与 分析中关于未来发展展望中可能面对的风险因素。 公司经本次董事会审议通过的利润分配预案为：以 201705187 为基数，向 全体股东每 10 股派发现金红利 0.08 元,pending,candidate_from_front_matter
1209462326,沙河股份,financial,ok,1,"六、主要会计数据和财务指标 公司是否需追溯调整或重述以前年度会计数据 □ 是 √ 否 2020 年 2019 年 本年比上年增减 2018 年 营业收入（元） 346,673,403.12 438,139,662.69 -20.88% 35",pending,candidate_from_heading
1209462326,沙河股份,liquidity_risk,ok,1,况，及时调整未来政策走向，以便提高政策的针对性以及有效性，促进房地产市场平稳健康发展。 由此，为更好地助力经济内循环，“十四五”期间，房地产行业将继续保持稳定发展，商品房销售将继续保持稳步增长， 房地产开发投资也将保持平稳态势。 2.公司可,pending,candidate_from_heading
1212745865,沙河股份,dividend,ok,1,展望”部分详细阐述了公司未来发展可能存在的风险及应对措施，敬请投资者 查阅。 公司经本次董事会审议通过的利润分配预案为：以 201705187 为基数，向 全体股东每 10 股派发现金红利 0.50 元 （含税） ， 送红股2 股 （含税）,pending,candidate_from_front_matter
1212745865,沙河股份,financial,ok,1,"六、主要会计数据和财务指标 公司是否需追溯调整或重述以前年度会计数据 □ 是 √ 否 2021 年 2020 年 本年比上年增减 2019 年 营业收入（元） 641,736,448.88 346,673,403.12 85.11% 438",pending,candidate_from_heading
1212745865,沙河股份,liquidity_risk,ok,1,税税率、调整公积金贷款额度、预售资金灵活提取等方式稳定房地产市场预期。 目前大多数房地产企业转型压力持续加大，优势房企可借助相对宽松的融资环境获得资金补充，但中国房地产行业整 体压力仍在。 2.公司可能面对的风险及应对措施 <!-- pag,pending,candidate_from_heading
1216269818,沙河股份,dividend,ok,1,"发展的展望”部分详细阐述了公司未来发展可能存在的风险及应对措施，敬请 投资者查阅。 公司经本次董事会审议通过的利润分配预案为：以 242,046,224 为基数， 向全体股东每 10 股派发现金红利 1.20 元（含税） ，送红股0 股（含",pending,candidate_from_front_matter
1216269818,沙河股份,financial,ok,1,"六、主要会计数据和财务指标 公司是否需追溯调整或重述以前年度会计数据 □是 否 2022 年 2021 年 本年比上年增减 2020 年 营业收入（元） 763,601,802.32 641,736,448.88 18.99% 346,6",pending,candidate_from_heading
1216269818,沙河股份,liquidity_risk,ok,1,2023 年，国家对房地产业的重点仍然是防风险、增信心、促需求。随着房地产宽松政策的延续，房地产企业融资环 境将得到实质性改善，购房者的信心也将逐步恢复，前几年积压的购房需求有望陆续释放，房地产业在经历阵痛后也将 回归产业基本面，围绕实体经,pending,candidate_from_heading
1219460432,沙河股份,dividend,ok,1,"来发展的展望”部分详细阐述了公司未来发展可能存在的风险及应对措施，敬 请投资者查阅。 公司经本次董事会审议通过的利润分配预案为：以 242,046,224 为基数， 向全体股东每 10 股派发现金红利 2.16 元（含税） ，送红股 0 股",pending,candidate_from_front_matter
1219460432,沙河股份,financial,ok,1,"六、主要会计数据和财务指标 公司是否需追溯调整或重述以前年度会计数据 □是 否 2023 年 2022 年 本年比上年 增减 2021 年 营业收入（元） 1,389,212,866.56 763,601,802.32 81.93% 64",pending,candidate_from_heading
1219460432,沙河股份,liquidity_risk,ok,1,2024 年，国家重点优化房地产政策，支持不同所有制房地产企业的融资需求，促进市场平稳健康发展。随着宽松政策 延续，房地产企业融资环境将实质改善，购房者信心逐步恢复，之前积压的购房需求有望释放，房地产业将回归产业基本 面，探索新的发展模式。,pending,candidate_from_heading
1222943281,沙河股份,dividend,ok,1,未来发展的展望”部分详细阐述了公司未来发展可能存在的风险及应对措施， 敬请投资者查阅。 公司计划不派发现金红利，不送红股，不以公积金转增股本。 <!-- page 3 --> 沙河实业股份有限公司 2024 年年度报告全文 3 目录 第一节,pending,candidate_from_front_matter
1222943281,沙河股份,financial,ok,1,"六、主要会计数据和财务指标 公司是否需追溯调整或重述以前年度会计数据 □是 否 2024 年 2023 年 本年比上年增减 2022 年 营业收入（元） 357,907,444.53 1,389,212,866.56 -74.24% 76",pending,candidate_from_heading
1222943281,沙河股份,liquidity_risk,wrong_section,1,胡宁可 深圳市律师协会 副会长 2021 年 12 月 01 日 否 李江明 深圳市幸福健康产业（集团）有限公司 监事会主席 2023 年 04 月 20 日 2024 年 12 月 02 日 否 邓红玉 深业集团有限公司 风险管理部总经 ,pending,candidate_from_heading; lacks_liquidity_context
1209464144,大悦城,dividend,ok,1,先生出席会议并代为行使表决权；其他董事均出席了董事会。没有董事声明对本年度报告内 容的真实性、准确性、完整性无法保证或存在异议。 本公司计划 2020 年度不派发现金红利，不送红股，不以公积金转增股本。 信永中和会计师事务所（特殊普通合伙）,pending,candidate_from_front_matter
1209464144,大悦城,financial,ok,1,六、主要会计数据和财务指标 公司是否需追溯调整或重述以前年度会计数据 √ 是 □ 否 追溯调整或重述的原因:同一控制下企业合并 <!-- page 8 --> 大悦城控股集团股份有限公司 2020 年年度报告 8 2020 年 2019 年,pending,candidate_from_heading
1209464144,大悦城,liquidity_risk,ok,1,<!-- page 41 --> 大悦城控股集团股份有限公司 2020 年年度报告 41 3、报告期末融资情况 单位：万元 融资途径 期末融资余额 融资成本区间/ 平均融资成本 期限结构 1 年之内 1-2 年 2-3年 3 年以上 银行贷,pending,candidate_from_heading
1212886659,大悦城,dividend,ok,1,为行使表决权；独立董事刘园因工作原因无法亲自出席审议本次年报的董事会会议，委托独立董事袁 淳出席会议并代为行使表决权；其他董事均出席了审议本次年报的董事会会议。 公司经本次董事会审议通过的利润分配预案为：不进行现金分红、不送红股，也不进行资,pending,candidate_from_front_matter
1212886659,大悦城,financial,ok,1,"六、主要会计数据和财务指标 公司是否需追溯调整或重述以前年度会计数据 □ 是 √否 2021 年 2020 年 本年比上年增 减 2019年 营业收入（元） 42,614,497,358.92 38,445,284,255.56 10.84",pending,candidate_from_heading
1212886659,大悦城,liquidity_risk,ok,1,<!-- page 15 --> 大悦城控股集团股份有限公司 2021 年年度报告 14 3、公司、子公司及合营联营公司的房地产项目开发、销售、出租及公司融资情况 新增土地储备项目 序 号 宗地或项目名称 所在位置 土地规划用途 土地面积 ,pending,candidate_from_heading
1216587088,大悦城,dividend,ok,1,公司出具了标准无保留意见的审计报告。 全体董事均出席了审议本次年报的董事会会议。 公司经本次董事会审议通过的利润分配预案为：不派发现金红利，不送红股，不以 公积金转增股本。 本年度报告涉及的发展战略、未来计划等前瞻性陈述不构成公司对投资者的,pending,candidate_from_front_matter
1216587088,大悦城,financial,ok,1,"六、主要会计数据和财务指标 公司是否需追溯调整或重述以前年度会计数据 □ 是 √否 2022 年 2021年 本年比上年增减 2020 年 营业收入（元） 39,578,691,796.06 42,614,497,358.92 -7.12%",pending,candidate_from_heading
1216587088,大悦城,liquidity_risk,ok,1,<!-- page 15 --> 大悦城控股集团股份有限公司 2022 年年度报告 15 公司、子公司及合营联营公司的房地产项目开发、销售、出租及公司融资情况 表一：新增土地储备项目 序号 宗地或项目名称 所在位置 土地规划用途 土地面积 ,pending,candidate_from_heading
1219863705,大悦城,dividend,ok,1,度报告中财务报告真实、准确、完整。信永中和会计师事务所（特殊普通合伙）为本公司出具了标 准无保留意见的审计报告。所有董事均已出席了审议本报告的董事会会议。 公司经本次董事会审议通过的利润分配预案为：不派发现金红利，不送红股，不以公积金转增 ,pending,candidate_from_front_matter
1219863705,大悦城,financial,ok,1,"六、主要会计数据和财务指标 公司是否需追溯调整或重述以前年度会计数据 □是 √否 2023 年 2022 年 本年比上年增减 2021年 营业收入（元） 36,783,248,051.15 39,578,691,796.06 -7.06% ",pending,candidate_from_heading
1219863705,大悦城,liquidity_risk,wrong_section,1,产经营需求，具有必要性。通过开展衍生品套期保值业务，公司能更好地 规避和防范所面临的外汇汇率、利率波动风险，增强公司财务稳健性。 2、公司已制定《大悦城控股集团股份有限公司金融衍生品交易管理制 度》，明确了衍生品业务的操作流程、审批流程及风,pending,candidate_from_heading; lacks_liquidity_context
1223153545,大悦城,dividend,ok,1,所有董事均已出席了审议本报告的董事会会议。 信永中和会计师事务所（特殊普通合伙）为本公司出具了标准无保留意见的审计报告。 公司计划不派发现金红利，不送红股，不以公积金转增股本。 本年度报告涉及的发展战略、 未来计划等前瞻性陈述不构成公司对投,pending,candidate_from_front_matter
1223153545,大悦城,financial,ok,1,"六、主要会计数据和财务指标 公司是否需追溯调整或重述以前年度会计数据 □是√否 2024 年 2023年 本年比上年 增减 2022 年 营业收入（元） 35,790,676,999.47 36,783,248,051.15 -2.70% ",pending,candidate_from_heading
1223153545,大悦城,liquidity_risk,ok,1,"独立财务顾问核查意见》、独立财务顾问中国国际金融股份有限公司发表了《中国国际 金融股份有限公司关于公司使用募集资金置换预先投入募投项目的自筹资金之独立财务 顾问核查意见》，公司对预先投入募投项目资金 90,597.00万元进行了置换。 用闲",pending,candidate_from_heading
1209676546,中洲控股,dividend,ok,1,"贷、利率风险及经营风险等，敬请查阅经营层讨论与分析中关于公司未来发展 的讨论与分析中可能面对的风险的内容。 公司经本次董事会审议通过的利润分配预案为：以 664,831,139 为基数，向 全体股东每 10 股派发现金红利 0.50 元 （",pending,candidate_from_front_matter
1209676546,中洲控股,financial,ok,1,"六、主要会计数据和财务指标 公司是否需追溯调整或重述以前年度会计数据 □ 是 √ 否 2020 年 2019 年 本年比上年增减 2018 年 营业收入（元） 10,697,019,545.17 7,213,165,825.69 48.30",pending,candidate_from_heading
1209676546,中洲控股,liquidity_risk,ok,1,分发挥人力行政支撑保障作用，优化组织架构，完善绩效考核制度，增强组织效能。 按照“以目标成本管控为中心、 以全过程成本管控为手段、 以结果考核为导向”的策略精打细算， 持续推动总包预结算 工作，减少和杜绝无效成本，落实索赔和反索赔工作，确保,pending,candidate_from_heading
1212898226,中洲控股,dividend,ok,1,"公司已在本报告中描述存在的市场风险、融资风险及 公共卫生风险等，敬 请查阅经营层讨论与分析中关于公司未来发展中可能面对的风险的内容。 公司经本次董事会审议通过的利润分配预案为：以 664,831,139 为基数，向 全体股东每 10 股派发",pending,candidate_from_front_matter
1212898226,中洲控股,financial,ok,1,"六、主要会计数据和财务指标 公司是否需追溯调整或重述以前年度会计数据 □ 是 √ 否 2021 年 2020 年 本年比上年增减 2019 年 营业收入（元） 8,676,138,938.35 10,697,019,545.17 -18.8",pending,candidate_from_heading
1212898226,中洲控股,liquidity_risk,ok,1,稳固商办租赁基本盘； 提升自主招商运营能力， 确保中洲滨海商业中心一期按期开业。 酒管公司将继续做好疫情常态防控工 作， 确保酒店稳定经营； 不断丰富经营手段， 提升酒店整体经营业绩。 物管公司将继续做好日常物业服务， 提升客户满意度； 积,pending,candidate_from_heading
1216380219,中洲控股,dividend,ok,1,"公司已在本报告中描述存在的市场风险、融资风险及公共卫生风险等， 敬请查阅经营层讨论与分析中关于公司未来发展中可能面对的风险的内容。 公司经本次董事会审议通过的利润分配预案为：以 664,831,139 为基数， 向全体股东每 10 股派发现",pending,candidate_from_front_matter
1216380219,中洲控股,financial,ok,1,"六、主要会计数据和财务指标 公司是否需追溯调整或重述以前年度会计数据 □是 否 2022 年 2021 年 本年比上年增减 2020 年 营业收入（元） 7,083,041,153.52 8,676,138,938.35 -18.36% ",pending,candidate_from_heading
1216380219,中洲控股,liquidity_risk,ok,1,随着房地产行业新形势下的转变，资产板块在公司资产增值、品牌树立、贡献现金流方面发挥的作用越来越重要。 2023 年，资产板块要继续发挥优势，开源节流，服务提升。要多措并举创收入开源，狠抓回款，加速资金回笼；优化运营 成本、节约支出；提升服务,pending,candidate_from_heading
1219769062,中洲控股,dividend,ok,1,公司已在本报告中描述存在的市场风险和融资风险，敬请查阅经营层讨 论与分析中关于公司未来发展中可能面对的风险的内容。 公司计划不派发现金红利，不送红股，不以公积金转增股本。 <!-- page 3 --> 深圳市中洲投资控股股份有限公司 20,pending,candidate_from_front_matter
1219769062,中洲控股,financial,ok,1,"六、主要会计数据和财务指标 公司是否需追溯调整或重述以前年度会计数据 是 □否 追溯调整或重述原因 会计政策变更 2023 年 2022 年 本年比上年增 减 2021 年 调整前 调整后 调整后 调整前 调整后 营业收入 （元） 7,6",pending,candidate_from_heading
1219769062,中洲控股,liquidity_risk,ok,1,随着房地产行业新形势下的转变，资产板块在公司资产增值、品牌树立、贡献现金流方面发挥的作用越来越重要。 2024 年，资产板块要继续发挥优势，开源节流，服务提升。要多措并举创收入开源，狠抓回款，加速资金回笼；优化运营 成本、节约支出；提升服务,pending,candidate_from_heading
1223544393,中洲控股,dividend,ok,1,公司已在本报告中描述存在的市场风险和融资风险，敬请查阅经营层讨 论与分析中关于公司未来发展中可能面对的风险的内容。 公司计划不派发现金红利，不送红股，不以公积金转增股本。 <!-- page 3 --> 深圳市中洲投资控股股份有限公司 20,pending,candidate_from_front_matter
1223544393,中洲控股,financial,ok,1,"六、主要会计数据和财务指标 公司是否需追溯调整或重述以前年度会计数据 □是 否 2024 年 2023 年 本年比上年增减 2022 年 营业收入（元） 4,323,648,747.25 7,620,571,730.50 -43.26% ",pending,candidate_from_heading
1223544393,中洲控股,liquidity_risk,ok,1,5、长期资产价值提升 存量物业是公司长期发展的重要支撑。2025 年，公司将加强资产板块经营性物业的管理和运营，通过优化资产结构和 提升运营效率，为公司创造持续稳定的收入和现金流。 （三）可能面对的风险与对策 1、市场风险 2024 年商品,pending,candidate_from_heading
1209477137,华侨城A,dividend,ok,1,"未亲自出席董事姓名 未亲自出席董事职务 未亲自出席会议原因 被委托人姓名 王晓雯 董事 因公 姚 军 公司经本次董事会审议通过的利润分配预案为：以 8,037,758,053.00 为基 数，向全体股东每 10 股派发现金红利 4.0 元（",pending,candidate_from_front_matter
1209477137,华侨城A,financial,ok,1,"六、主要会计数据和财务指标 公司是否需追溯调整或重述以前年度会计数据 □ 是  否 2020 年 2019 年 本年比上年增减 2018 年 营业收入（元） 81,868,090,075.22 60,025,027,201.56 36.3",pending,candidate_from_heading
1209477137,华侨城A,liquidity_risk,ok,1,"会第二十三次临时会议审议通过，公司决定使用募集资金人民币 95,167,970.46 元置换预先已投入的 自筹资金。截至 2020 年 12 月 31 日，置换已完成。 用闲置募集资金暂时补 充流动资金情况 适用 经 2015 年 12 月",pending,candidate_from_heading
1212757289,华侨城A,dividend,ok,1,"管人员)潘凤文声明：保证本年度报告中财务报告的真实、准确、完整。 所有董事均已出席了审议本报告的董事会会议。 公司经本次董事会审议通过的利润分配预案为：以 8,037,758,053 股为基 数，向全体股东每 10 股派发现金红利 1 元（",pending,candidate_from_front_matter
1212757289,华侨城A,financial,ok,1,"六、主要会计数据和财务指标 公司是否需追溯调整或重述以前年度会计数据 √ 是 □ 否 同一控制下企业合并 2021 年 2020 年 本年比上 年增减 2019 年 调整前 调整后 调整后 营业收入（元） 102,583,650,893.6",pending,candidate_from_heading
1212757289,华侨城A,liquidity_risk,ok,1,泰资产、景顺长城基金、招商基金、North Oakridge Asset Management Limited、 Citi、华宝基金、中金公司 围绕公司未来文旅开业计划、资金情况及文旅业务恢 复情况等内容进行交流，未提供资料 详见巨潮资讯网,pending,candidate_from_heading
1216276910,华侨城A,dividend,ok,1,主管人员)潘凤文声明：保证本年度报告中财务报告的真实、准确、完整。 所有董事均已出席了审议本报告的董事会会议。 公司计划本年度不派发现金红利，不送红股，不以公积金转增股本。 本年度报告中如有涉及未来计划等前瞻性陈述，不构成公司对投资者的 实,pending,candidate_from_front_matter
1216276910,华侨城A,financial,ok,1,"六、主要会计数据和财务指标 公司是否需追溯调整或重述以前年度会计数据 是 否 追溯调整或重述原因 同一控制下企业合并 2022 年 2021 年 本年比上年增减 2020 年 调整前 调整后 调整后 营业收入（元） 76,767,105",pending,candidate_from_heading
1216276910,华侨城A,liquidity_risk,ok,1,利用好当前有利的政策环境，搭建不动产产业基金，在项目和资金两端推动公司房地产主业更高质量发展。搭建持 有型物业专项基金，服务公司持有型物业资产证券化需求。加强境外资金运用，为境内主业项目资金需求提供多元供给 通道。 （二）可能面对的风险 一,pending,candidate_from_heading
1219488813,华侨城A,dividend,ok,1,（会计主管人员）声明：保证本年度报告中财务报告的真实、准确、完整。 所有董事亲自出席了审议本次年报的董事会会议。 公司计划不派发现金红利，不送红股，不以公积金转增股本。 本年度报告中如有涉及未来计划等前瞻性陈述，不构成公司对投资者的 实质承,pending,candidate_from_front_matter
1219488813,华侨城A,financial,ok,1,六、主要会计数据和财务指标 公司是否需追溯调整或重述以前年度会计数据 是 否 追溯调整或重述原因：会计政策变更 2023 年起首次执行财政部于 2022 年 11 月 30 日发布的《企业会计准则解释第 16 号》中关于单项交易产生的资,pending,candidate_from_heading
1219488813,华侨城A,liquidity_risk,wrong_section,1,2、公司资产或项目存在盈利预测，且报告期仍处在盈利预测期间，公司就资产或项目达到原盈利预测及其原因做出说 明 □适用 不适用 二、控股股东及其他关联方对上市公司的非经营性占用资金情况 □适用 ☑不适用 三、违规对外担保情况 □适用 不适,pending,candidate_from_heading; lacks_liquidity_context
1222949848,华侨城A,dividend,ok,1,主管人员）郭志华声明：保证本年度报告中财务报告的真实、准确、完整。 所有董事亲自出席了审议本次年报的董事会会议。 公司计划不派发现金红利，不送红股，不以公积金转增股本。 本年度报告中如有涉及未来计划等前瞻性陈述，不构成公司对投资者的 实质承,pending,candidate_from_front_matter
1222949848,华侨城A,financial,ok,1,"六、主要会计数据和财务指标 公司是否需追溯调整或重述以前年度会计数据 □是 ☑否 2024 年 2023 年 本年比上年增减 2022 年 营业收入（元） 54,407,299,587.95 55,744,151,176.17 -2.40%",pending,candidate_from_heading
1222949848,华侨城A,liquidity_risk,ok,1,2、公司资产或项目存在盈利预测，且报告期仍处在盈利预测期间，公司就资产或项目达到原盈利预测 及其原因做出说明 □适用 不适用 二、控股股东及其他关联方对上市公司的非经营性占用资金情况 □适用 不适用 公司报告期不存在控股股东及其他关联方,pending,candidate_from_heading
1209452441,渝开发,dividend,ok,1,本报告涉及的未来计划、发展战略等前瞻性描述不构成公司对投资者的实 质性承诺，敬请投资者注意投资风险。 公司经本次董事会审议通过的利润分配预案为：以 843770965 为基数，向 全体股东每 10 股派发现金红利 0.25 元（含税） ， ,pending,candidate_from_front_matter
1209452441,渝开发,financial,ok,1,"六、主要会计数据和财务指标 公司是否需追溯调整或重述以前年度会计数据 □ 是 √ 否 2020 年 2019 年 本年比上年增减 2018 年 营业收入（元） 624,012,309.14 865,676,635.13 -27.92% 54",pending,candidate_from_heading
1209452441,渝开发,liquidity_risk,ok,1,<!-- page 37 --> 重庆渝开发股份有限公司 2020 年年度报告全文 37 四、控股股东及其关联方对上市公司的非经营性占用资金情况 □ 适用 √ 不适用 公司报告期不存在控股股东及其关联方对上市公司的非经营性占用资金。 五、董,pending,candidate_from_heading
1212688336,渝开发,dividend,ok,1,本报告涉及的未来计划、发展战略等前瞻性描述不构成公司对投资者的实 质性承诺，敬请投资者注意投资风险。 公司经本次董事会审议通过的利润分配预案为：以 843770965 为基数，向 全体股东每 10 股派发现金红利 0.20 元 （含税） ，,pending,candidate_from_front_matter
1212688336,渝开发,financial,ok,1,"六、主要会计数据和财务指标 公司是否需追溯调整或重述以前年度会计数据 □ 是 √ 否 2021 年 2020 年 本年比上年增减 2019 年 营业收入（元） 1,186,854,732.32 624,012,309.14 90.20% 8",pending,candidate_from_heading
1212688336,渝开发,liquidity_risk,wrong_section,1,任重庆永和会计师事务所（普通合伙）主任会计师（执行合伙人），重庆注册会计师协会常务理事、副会 长，重庆渝开发股份有限公司第九届独立董事，重庆瑜欣平瑞电子股份有限公司独立董事，重庆国际投资 咨询集团有限公司外部监事，北京恩友信息咨询有限公司监,pending,candidate_from_heading; lacks_liquidity_context
1216221769,渝开发,dividend,ok,1,公司已在本报告中详细描述可能存在的相关风险及应对措施，敬请查阅本报告“第 三节 管理层讨论与分析”的有关内容。 公司经本次董事会审议通过的利润分配预案为：以 843770965 为基数，向全体股东每 10 股派发现金红利 0.20 元（含税,pending,candidate_from_front_matter
1216221769,渝开发,financial,ok,1,"六、主要会计数据和财务指标 公司是否需追溯调整或重述以前年度会计数据 □是 否 2022 年 2021 年 本年比上年增减 2020 年 营业收入（元） 895,557,809.94 1,186,854,732.32 -24.54% 62",pending,candidate_from_heading
1216221769,渝开发,liquidity_risk,ok,1,2、公司资产或项目存在盈利预测，且报告期仍处在盈利预测期间，公司就资产或项目达到原盈利预测 及其原因做出说明 □适用 不适用 二、控股股东及其他关联方对上市公司的非经营性占用资金情况 □适用 不适用 公司报告期不存在控股股东及其他关联方,pending,candidate_from_heading
1219824168,渝开发,dividend,ok,1,公司已在本报告中详细描述可能存在的相关风险及应对措施，敬请查阅本报告“第 三节 管理层讨论与分析”的有关内容。 公司经本次董事会审议通过的利润分配预案为：以 843770965 为基数，向全体股东每 10 股派发现金红利 0.12 元（含税,pending,candidate_from_front_matter
1219824168,渝开发,financial,ok,1,"六、主要会计数据和财务指标 公司是否需追溯调整或重述以前年度会计数据 是 □否 追溯调整或重述原因 会计政策变更 2023 年 2022 年 本年比上 年增减 2021 年 调整前 调整后 调整后 调整前 调整后 营业收入 （元） 1,3",pending,candidate_from_heading
1219824168,渝开发,liquidity_risk,wrong_section,1,1 2023 年03 月 03 日 审计沟通会 2023 年度审计与 风险管理委员会 为确保 2022 年 年度报告审计工 作的进度与质 量，按照证监会 相关要求，就公 司 2022 年年度 审计工作安排与 会计师事务所进 行沟通，协商确 ,pending,candidate_from_heading; lacks_liquidity_context
1223243787,渝开发,dividend,ok,1,公司已在本报告中详细描述可能存在的相关风险及应对措施，敬请查阅本报告“第三 节管理层讨论与分析”的有关内容。 公司计划不派发现金红利，不送红股，不以公积金转增股本。 <!-- page 3 --> 第 3 页/共 201 页 目录 第一节重,pending,candidate_from_front_matter
1223243787,渝开发,financial,ok,1,"六、主要会计数据和财务指标 公司是否需追溯调整或重述以前年度会计数据 □是否 2024 年 2023 年 本年比上年增减 2022 年 营业收入（元） 388,432,708.98 1,329,659,341.22 -70.79% 895",pending,candidate_from_heading
1223243787,渝开发,liquidity_risk,wrong_section,1,2、审议《公司 2024 年度审计项 目计划的议案》 审计与风险管理委 员会对公司 2023 年 第四季度内部审计 工作进行审核和指 导，并了解公司 2024 年全年内部审 计计划。 审计与风险 管理委员会 陈定文、宋 宗宇、曾德 珩 1 ,pending,candidate_from_heading; lacks_liquidity_context
1209682944,粤宏远A,dividend,ok,1,"第四节“经营情况讨论与分析”之九“公司未来发展的展望”之（四）“2021 年公司 面临的主要风险”。 公司经本次董事会审议通过的利润分配预案为：以公司 2020 年 12 月 31 日 总股本 638,280,604 股为基数，向全体股东每",pending,candidate_from_front_matter
1209682944,粤宏远A,financial,ok,1,"六、主要会计数据和财务指标 公司是否需追溯调整或重述以前年度会计数据 □ 是 √ 否 2020 年 2019 年 本年比上年增减 2018 年 营业收入（元） 826,058,865.27 912,620,218.35 -9.48% 911",pending,candidate_from_heading
1209682944,粤宏远A,liquidity_risk,wrong_section,1,公司开展套期保值业务，能有效利用商品期货市场的套期保值功能，合理规避公司下 属企业生产加工、经营贸易的相关产品因价格波动给公司经营带来的不利影响，锁定 产品的预期利润，有利于控制企业经营风险、平滑企业经营业绩；公司已建立《商品 期货套期保值,pending,candidate_from_heading; lacks_liquidity_context
1212911763,粤宏远A,dividend,ok,1,"参看本报告第三节“经营情况讨论与分析”之十一“公司未来发展的展望”之 （四） “2022 年公司面临的主要风险”。 公司经本次董事会审议通过的利润分配预案为：以 638,280,604.00 股为基 数，向全体股东每 10 股派发现金红利 ",pending,candidate_from_front_matter
1212911763,粤宏远A,financial,ok,1,"六、主要会计数据和财务指标 公司是否需追溯调整或重述以前年度会计数据 □ 是 √ 否 2021 年 2020 年 本年比上年增减 2019 年 营业收入（元） 1,211,711,620.31 826,058,865.27 46.69% 9",pending,candidate_from_heading
1212911763,粤宏远A,liquidity_risk,wrong_section,1,2022 年公司面临的主要风险包括：外部环境不确定性下的宏观经济风险、行业政策风险、安全生产风险、商业信用风 险、技术替代风险、市场风险。具体如下： 1、外部环境不确定性下的宏观经济风险： 新冠疫情传染与防控起伏变化，叠加地缘政治风险因素增,pending,candidate_from_heading; lacks_liquidity_context
1216299891,粤宏远A,dividend,ok,1,"商业信用风险、技术替代风险、市场风险等，详细内容请见本报告“第三节 管理层讨论与分析 十一（四）2023 年公司面临的主要风险”。 公司经本次董事会审议通过的利润分配预案为：以 638,280,604 股为基 数，向全体股东每 10 股派发",pending,candidate_from_front_matter
1216299891,粤宏远A,financial,ok,1,"六、主要会计数据和财务指标 公司是否需追溯调整或重述以前年度会计数据 □是 否 2022 年 2021 年 本年比上年增减 2020 年 营业收入（元） 947,381,778.01 1,211,711,620.31 -21.81% 82",pending,candidate_from_heading
1216299891,粤宏远A,liquidity_risk,ok,1,动收益 156.15 万，被套期项目 2022 年因铅价波动产生损失 57.42 万元。综上，2022 年铅商品期货合约交易套期工 具与被套期项目价值变动加总后净收益 98.73 万元。 套期保值效果的说明 公司商品期货套期保值交易均以套期,pending,candidate_from_heading
1219600830,粤宏远A,dividend,ok,1,"商业信用风险、技术替代风险、市场风险等，详细内容请见本报告“第三节 管理层讨论与分析 十一（四）2024 年公司面临的主要风险”。 公司经本次董事会审议通过的利润分配预案为：以 638,280,604 为基 数，向全体股东每 10 股派发现",pending,candidate_from_front_matter
1219600830,粤宏远A,financial,ok,1,"六、主要会计数据和财务指标 公司是否需追溯调整或重述以前年度会计数据 □是 否 2023 年 2022 年 本年比上年增减 2021 年 营业收入（元） 352,249,483.63 947,381,778.01 -62.82% 1,21",pending,candidate_from_heading
1219600830,粤宏远A,liquidity_risk,ok,1,套期保值效果 的说明 公司商品期货套期保值交易均以套期保值为目的，被套期项目为粗铅，套期工具为铅商品期货合约，套期工具价值变动有 效地对冲了被套期项目价值变动风险，基本实现了预期风险管理目标。 衍生品投资资 金来源 自有资金 报告期衍生品 ,pending,candidate_from_heading
1223151948,粤宏远A,dividend,ok,1,"商业信用风险、技术替代风险、市场风险等，详细内容请见本报告“第三节 管理层讨论与分析 十一（三）公司可能面临的风险”。 公司经本次董事会审议通过的利润分配预案为：以 638,280,604 股为基 数，向全体股东每 10 股派发现金红利 0",pending,candidate_from_front_matter
1223151948,粤宏远A,financial,ok,1,"六、主要会计数据和财务指标 公司是否需追溯调整或重述以前年度会计数据 □是 否 2024 年 2023 年 本年比上年增减 2022 年 营业收入（元） 489,555,332.19 352,249,483.63 38.98% 947,3",pending,candidate_from_heading
1223151948,粤宏远A,liquidity_risk,wrong_section,1,2024 年 04 月 11 日 审议：1.公司 2023 年度内部控制评价报告； 2.2023 年度财务会计报告；3.审计与风险管理 委员会 2023 年度对会计师事务所履职情况评估 报告；4.审计与风险管理委员会 2023 年度对会 计,pending,candidate_from_heading; lacks_liquidity_context
1209691245,中交地产,dividend,ok,1,"被委托人姓名 梁运斌 董事 工作原因 薛四敏 公司经本次董事会审议通过的利润分配预案为 ：以 695,433,689 为基数 ，向 全体股东每 10 股派发现金红利 0.5 元（含税 ）， 不送红股 ，不以资本公积金转 增股 本。 <!--",pending,candidate_from_front_matter
1209691245,中交地产,financial,ok,1,六、主要会计数据和财务指标 公司是否需追溯调整或重述以前年度会计数据 <!-- page 7 --> 中交地产股份有限公司 2020 年年度报告全文 7 √是 □否 追溯调整或重述原因 会计政策变更 ;同一控制下企业合并 2020 年 20,pending,candidate_from_heading
1209691245,中交地产,liquidity_risk,ok,1,中交美庐天地购物中心 盐城 购物中心 100% 24794 23802 96% （七）跟投项目情况 公司董事、监事、高级管理人员未参与跟投。 （八）截止 2020 年12 月31 日的融资情况（单位：万元） 融资途径 期末融资余额 融资成本,pending,candidate_from_heading
1212925020,中交地产,dividend,ok,1,"人员 )陈少国声明 ：保证本年度报告中财务报告的真实 、准确 、完整 。 所有董事均已出席了审议本报告的董事会会议 。 公司经本次董事会审议通过的利润分配预案为 ：以 2021 年末总股本 695,433,689 股为基数 ，向全体股东每 ",pending,candidate_from_front_matter
1212925020,中交地产,financial,ok,1,六、主要会计数据和财务指标 公司是否需追溯调整或重述以前年度会计数据 <!-- page 8 --> 中交地产股份有限公司 2021 年年度报告全文 8 □ 是 √ 否 2021 年 2020 年 本年比上年增减 2019 年 营业收入（元,pending,candidate_from_heading
1212925020,中交地产,liquidity_risk,ok,1,信息披露相关资料。 - 2021 年 01 月 15 日 公司 书面问询 个人 个人投资者 公司融资情况。提供已披露的定期报 告及信息披露相关资料。 - 2021 年 02 月 02 日 公司 书面问询 个人 个人投资者 项目公司情况。提供,pending,candidate_from_heading
1216358368,中交地产,dividend,ok,1,"公司已在本报告中详细描述了公司所面临的风险 ，敬请查阅本报告 “经营情 况讨论与分析 ”等章节中关于公司未来发展可能面临的风险因素 。 公司经本 次董事会审议通过的利润分配预案为 ：以 202 2 年末总股本 695,433,689 股为基",pending,candidate_from_front_matter
1216358368,中交地产,financial,ok,1,"六、主要会计数据和财务指标 公司是否需追溯调整或重述以前年度会计数据 □ 是 √ 否 2022年 2021 年 本年比上年增减 2020 年 营业收入（元） 38,467,048,797.06 14,542,468,950.72 164.5",pending,candidate_from_heading
1216358368,中交地产,liquidity_risk,ok,1,期报告及信息披露相关资料。 - 2022 年 6月 21 日 公司 书面问询 个人 个人投资者 调用子公司资金情况。提供已披露的 定期报告及信息披露相关资料。 - 2022 年 7月 20 日 公司 书面问询 个人 个人投资者 子公司资金情,pending,candidate_from_heading
1219517434,中交地产,dividend,ok,1,公司已在本报告中详细描述了公司所面临的风险 ，敬请查阅本报告 “经营 情况讨论与分析 ”等章节中关于公司未来发展可能面临的风险因素 。 公司计划不派发现金红利 ，不送红股 ，不以公积金转增股本 。 <!-- page 3 --> 中交地产股,pending,candidate_from_front_matter
1219517434,中交地产,financial,ok,1,"六、主要会计数据和财务指标 公司是否需追溯调整或重述以前年度会计数据 □ 是 √ 否 2023 年 2022 年 本年比上年增减 2021 年 营业收入（元） 32,468,131,061.09 38,467,048,797.06 -15.",pending,candidate_from_heading
1219517434,中交地产,liquidity_risk,ok,1,关资料。主营业务发展情况。 - 2023 年 03 月 13 日 公司 网络平台线上交 流 个人 个人投资者 公司融资情况。提供已披露的定期报 告及信息披露相关资料。提供已披露 - <!-- page 31 --> 中交地产股份有限公司 2,pending,candidate_from_heading
1223096939,中交地产,dividend,ok,1,公司已在本报告中详细描述了公司所面临的风险，敬请查阅本报告“经营 情况讨论与分析”等章节中关于公司未来发展可能面临的风险因素。 公司计划不派发现金红利，不送红股，不以公积金转增股本。 <!-- page 3 --> 中交地产股份有限公司 2,pending,candidate_from_front_matter
1223096939,中交地产,financial,ok,1,"六、主要会计数据和财务指标 公司是否需追溯调整或重述以前年度会计数据 √是 □否 2024 年 2023 年 本年比上 年增减（调 整后） 2022 年 调整前 调整后 调整前 调整后 营业收入（元） 18,302,042,505.45 3",pending,candidate_from_heading
1223096939,中交地产,liquidity_risk,ok,1,1、外部风险：房地产行业是国民经济重要行业，房地产行业受到国家宏观政策影响较大，相关行业政策的推行与深化对房 地产企业在获取土地、融资、项目开发、销售等方面均会产生重大影响，行业发展具有一定的周期性和不确定性。 应对措施：公司将紧跟政策导向,pending,candidate_from_heading
1209814356,中国武夷,dividend,ok,1,"阅本报告“第四节经营情况讨论与分析”之“九、公司未来发展的展望”部分， 敬请投资者注意投资风险。 公司经本次董事会审议通过的利润分配预案为：以 2020 年 12 月 31 日总股 本 1,570,998,213 股为基数，向全体股东每 1",pending,candidate_from_front_matter
1209814356,中国武夷,financial,ok,1,"六、主要会计数据和财务指标 公司是否需追溯调整或重述以前年度会计数据 □ 是 √ 否 2020 年 2019 年 本年比上年增减 2018 年 营业收入（元） 5,819,649,302.68 5,225,532,983.22 11.37%",pending,candidate_from_heading
1209814356,中国武夷,liquidity_risk,wrong_section,1,2、公司资产或项目存在盈利预测，且报告期仍处在盈利预测期间，公司就资产或项目达到原盈利预测及 其原因做出说明 □ 适用 √ 不适用 四、控股股东及其关联方对上市公司的非经营性占用资金情况 □ 适用 √ 不适用 公司报告期不存在控股股东及其关,pending,candidate_from_heading; lacks_liquidity_context
1212856624,中国武夷,dividend,ok,1,"阅本报告“第三节管理层讨论与分析”之“十一、公司未来发展的展望”部分， 敬请投资者注意投资风险。 公司经本次董事会审议通过的利润分配预案为：以 2021 年 12 月 31 日总股 本 1,570,754,217 股为基数，向全体股东每 1",pending,candidate_from_front_matter
1212856624,中国武夷,financial,ok,1,"六、主要会计数据和财务指标 公司是否需追溯调整或重述以前年度会计数据 □ 是 √ 否 2021 年 2020 年 本年比上年增减 2019 年 营业收入（元） 8,666,738,972.06 5,819,649,302.68 48.92%",pending,candidate_from_heading
1212856624,中国武夷,liquidity_risk,ok,1,体的地位更加清晰、作用更好发挥；着力推动董事会规范运作、高效运行，进一步健全制度、 建优机制、建强队伍，充分发挥独立董事在专门委员会中的作用；完善公司内控制度体系建 设，不断提升公司治理水平，强化对重点领域的监督力度，有效提升内控质量。 （,pending,candidate_from_heading
1216380526,中国武夷,dividend,ok,1,"施，详情请查阅本报告“第三节管理层讨论与分析”之“十一、公 司未来发展的展望”部分，敬请投资者注意投资风险。 公司经本次董事会审议通过的利润分配预案为：以 2022 年 12 月 31 日总股本 1,570,754,217 股为基数，向全体",pending,candidate_from_front_matter
1216380526,中国武夷,financial,ok,1,"六、主要会计数据和财务指标 公司是否需追溯调整或重述以前年度会计数据 □是 否 2022 年 2021 年 本年比上年增减 2020 年 营业收入（元） 7,315,195,597.41 8,666,738,972.06 -15.59% ",pending,candidate_from_heading
1216380526,中国武夷,liquidity_risk,wrong_section,1,款的速度，加强项目全周期管控和成本管控，进一步拓宽融资渠道和方式， 有效防范市场风险。 3、国际工程承包业务经营风险 国际工程承包业务受国际政治、经济、汇率波动等多种风险因素影响。 公司将加强经营性风险分析，进一步优化市场布局，大力推进属地,pending,candidate_from_heading; lacks_liquidity_context
1219597689,中国武夷,dividend,ok,1,"查阅本报告“第三节 管理层讨论与分析”之“十一、公司未来发展的展望” 部分，敬请投资者注意投资风险。 公司经本次董事会审议通过的利润分配预案为：以 2023 年 12 月 31 日总 股本 1,570,754,217 股为基数，向全体股东每",pending,candidate_from_front_matter
1219597689,中国武夷,financial,ok,1,"六、主要会计数据和财务指标 公司是否需追溯调整或重述以前年度会计数据 □是 否 2023 年 2022 年 本年比上年增减 2021 年 营业收入（元） 9,486,802,816.03 7,315,195,597.41 29.69% 8",pending,candidate_from_heading
1219597689,中国武夷,liquidity_risk,ok,1,销售回款的速度，加强项目全周期管控和成本管控，进一步拓宽融资渠道和方式，有效防 范市场风险。 3、国际业务经营风险 国际业务受国际政治、经济、汇率波动等多种风险因素影响。公司国际工程承包业务 主要分布在发展中国家，所在国基础设施建设市场需求,pending,candidate_from_heading
1223149048,中国武夷,dividend,ok,1,查阅本报告“第三节 管理层讨论与分析”之“十一、公司未来发展的展望” 部分，敬请投资者注意投资风险。 公司计划不派发现金红利，不送红股，不以公积金转增股本。 <!-- page 3 --> 中国武夷实业股份有限公司 2024 年年度报告全文,pending,candidate_from_front_matter
1223149048,中国武夷,financial,ok,1,"六、主要会计数据和财务指标 1、公司是否需追溯调整或重述以前年度会计数据 □是 否 2024 年 2023 年 本年比上年 增减 2022 年 营业收入（元） 6,788,795,013.24 9,486,802,816.03 -28.4",pending,candidate_from_heading
1223149048,中国武夷,liquidity_risk,ok,1,统通过指标自定义和数据采集，监控关键业务 指标，提升数字化风控能力，为集团整体业务 风控管理方案提供技术基础，并规划了第二阶 段技术方案，旨在进一步提升公司风险管理效 率和市场竞争力。 系统具备推广应用的 潜力，属于辅助类半 定制化工具，成,pending,candidate_from_heading
1209491037,津滨发展,dividend,ok,1,公司已在本报告中详细描述可能存在的风险因素带来的影响，敬请查阅第 四节董事会报告中关于公司未来发展的讨论与 分析中可能面对的风险因素内容。 公司计划不派发现金红利，不送红股，不以公积金转增股本。 <!-- page 3 --> 天津津滨发展,pending,candidate_from_front_matter
1209491037,津滨发展,financial,ok,1,"六、主要会计数据和财务指标 公司是否需追溯调整或重述以前年度会计数据 □ 是 √ 否 2020年 2019年 本年比上年增减 2018年 营业收入（元） 1,841,962,204.26 1,282,282,705.00 43.65% 15",pending,candidate_from_heading
1209491037,津滨发展,liquidity_risk,ok,1,2、公司资产或项目存在盈利预测，且报告期仍处在盈利预测期间，公司就资产或项目达到原盈利预测及 其原因做出说明 □ 适用 √ 不适用 四、控股股东及其关联方对上市公司的非经营性占用资金情况 □ 适用 √ 不适用 公司报告期不存在控股股东及其关,pending,candidate_from_heading
1213001265,津滨发展,dividend,ok,1,公司已在本报告中详细描述可能存在的风险因素带来的影响，敬请查阅第 四节董事会报告中关于公司未来发展的讨论与分析中可能面对的风险因素内容。 公司计划不派发现金红利，不送红股，不以公积金转增股本。 <!-- page 3 --> 天津津滨发展股,pending,candidate_from_front_matter
1213001265,津滨发展,financial,ok,1,"六、主要会计数据和财务指标 公司是否需追溯调整或重述以前年度会计数据 □ 是 √ 否 2021 年 2020 年 本年比上年增减 2019 年 营业收入（元） 2,254,431,750.83 1,841,962,204.26 22.39%",pending,candidate_from_heading
1213001265,津滨发展,liquidity_risk,ok,1,2、公司资产或项目存在盈利预测，且报告期仍处在盈利预测期间，公司就资产或项目达到原盈利预测及 其原因做出说明 □ 适用 √ 不适用 二、控股股东及其他关联方对上市公司的非经营性占用资金情况 □ 适用 √ 不适用 公司报告期不存在控股股东及其,pending,candidate_from_heading
1216280228,津滨发展,dividend,ok,1,第三节管理层讨论与分析中关于公司未来发展的讨论与分析中可能面对的风 险因素内容。 公司计划不派发现金红利，不送红股，不以公积金转增股本。 <!-- page 3 --> 天津津滨发展股份有限公司 2022 年年度报告全文 3 目录 第一节 ,pending,candidate_from_front_matter
1216280228,津滨发展,financial,ok,1,"六、主要会计数据和财务指标 公司是否需追溯调整或重述以前年度会计数据 □是 否 2022 年 2021 年 本年比上年增减 2020 年 营业收入（元） 1,420,138,855.30 2,254,431,750.83 -37.01% ",pending,candidate_from_heading
1216280228,津滨发展,liquidity_risk,ok,1,2、公司资产或项目存在盈利预测，且报告期仍处在盈利预测期间，公司就资产或项目达到原盈利预测 及其原因做出说明 □适用 不适用 二、控股股东及其他关联方对上市公司的非经营性占用资金情况 □适用 不适用 公司报告期不存在控股股东及其他关联方,pending,candidate_from_heading
1219997738,津滨发展,dividend,ok,1,第三节管理层讨论与分析中关于公司未来发展的讨论与分析中可能面对的风 险因素内容。 公司计划不派发现金红利，不送红股，不以公积金转增股本。 <!-- page 3 --> 天津津滨发展股份有限公司 2023 年年度报告全文 3 目录 第一节 ,pending,candidate_from_front_matter
1219997738,津滨发展,financial,ok,1,"六、主要会计数据和财务指标 公司是否需追溯调整或重述以前年度会计数据 □是 否 2023 年 2022 年 本年比上年增减 2021 年 营业收入（元） 3,063,732,184.23 1,420,138,855.30 115.73% ",pending,candidate_from_heading
1219997738,津滨发展,liquidity_risk,ok,1,2、公司资产或项目存在盈利预测，且报告期仍处在盈利预测期间，公司就资产或项目达到原盈利预测 及其原因做出说明 □适用 不适用 二、控股股东及其他关联方对上市公司的非经营性占用资金情况 □适用 不适用 公司报告期不存在控股股东及其他关联方,pending,candidate_from_heading
1223361063,津滨发展,dividend,ok,1,第三节管理层讨论与分析中关于公司未来发展的讨论与分析中可能面对的风 险因素内容。 公司经本次董事会审议通过的利润分配预案为：拟向全体股东每 10 股派 送现金红利 0.95 元（含税）。本次分配 不派发红股，也不进行资本公积转增 股本。 <,pending,candidate_from_front_matter
1223361063,津滨发展,financial,ok,1,"六、主要会计数据和财务指标 公司是否需追溯调整或重述以前年度会计数据 □是 否 2024 年 2023 年 本年比上年增减 2022 年 营业收入（元） 2,831,032,925.14 3,063,732,184.23 -7.60% 1",pending,candidate_from_heading
1223361063,津滨发展,liquidity_risk,ok,1,2、公司资产或项目存在盈利预测，且报告期仍处在盈利预测期间，公司就资产或项目达到原盈利预测 及其原因做出说明 □适用 不适用 二、控股股东及其他关联方对上市公司的非经营性占用资金情况 □适用 不适用 公司报告期不存在控股股东及其他关联方,pending,candidate_from_heading
1209427529,天保基建,dividend,ok,1,营情况、 可能面对的风险因素及应对措施， 敬请投资者关注第四节“经营情况讨 论与分析--公司未来发展的展望”。 公司计划不派发现金红利，不送红股，不以公积金转增股本。 <!-- page 3 --> 天津天保基建股份有限公司 2020 年年,pending,candidate_from_front_matter
1209427529,天保基建,financial,ok,1,"六、主要会计数据和财务指标 公司是否需追溯调整或重述以前年度会计数据 □ 是 √ 否 2020 年 2019 年 本年比上年增减 2018 年 营业收入（元） 819,730,385.10 1,216,110,975.62 -32.59% ",pending,candidate_from_heading
1209427529,天保基建,liquidity_risk,ok,1,好用足市级孵化器的政策资源，进一步强化孵化器在创业孵化、集聚辐射带动等方面的核心功能，为园区 经营“加速”跑起来提供新动能。四是全力破解资金难题。坚持资金风险防控，开源节流，保持健康稳定的 现金流。在维持综合融资成本的前提下，积极寻求多元融,pending,candidate_from_heading
1212913665,天保基建,dividend,ok,1,营情况、可能面对的风险因素及应对措施，敬请投资者关注第三节“管理层讨论 与分析--公司未来发展的展望”。 公司计划不派发现金红利，不送红股，不以公积金转增股本。 <!-- page 3 --> 天津天保基建股份有限公司 2021 年年度报告,pending,candidate_from_front_matter
1212913665,天保基建,financial,ok,1,六、主要会计数据和财务指标 公司是否需追溯调整或重述以前年度会计数据 √ 是 □ 否 追溯调整或重述原因 同一控制下企业合并 2021 年 2020 年 本年比 上年增 减 2019 年 调整前 调整后 调整后 调整前 调整后 营业收入（元,pending,candidate_from_heading
1212913665,天保基建,liquidity_risk,ok,1,有园区平台的产业聚集效应，围绕区域招商、产业招商两条主线，深度挖掘平台优势，加快推动天保智谷 二期产业园区建设运营。四是强化现金流管理，严控资金风险，提供资金利用效率，切实做到开源节流， 提质增效。 4、可能面对的风险和主要措施 （1）政策,pending,candidate_from_heading
1216277657,天保基建,dividend,ok,1,"及应对措施，敬请投资者关注第三节“管理层讨论与分析--公司未来发展的展 望”。 公司经本次董事会审议通过的利润分配预案为：以 1,109,830,895 股为基 数，向全体股东每 10 股派发现金红利 0.20 元（含税） ，送红股0 股（",pending,candidate_from_front_matter
1216277657,天保基建,financial,ok,1,"六、主要会计数据和财务指标 公司是否需追溯调整或重述以前年度会计数据 □是 否 2022 年 2021 年 本年比上年增减 2020 年 营业收入（元） 2,464,898,371.67 2,540,236,605.58 -2.97% 8",pending,candidate_from_heading
1216277657,天保基建,liquidity_risk,ok,1,深入推进园区事业发展，提升孵化器载体功能。五是强化现金流管理，结合最新融资政策，统筹考虑股 权融资、债券融资、资产证券化等方式，拓宽多元化融资渠道。扎实推进资金计划管理，提高资金使用 效率。 4、可能面对的风险和主要措施 （1）政策性风险 ,pending,candidate_from_heading
1219445524,天保基建,dividend,ok,1,"及应对措施，敬请投资者关注第三节“管理层讨论与分析-公司未来发展的展 望”。 公司经本次董事会审议通过的利润分配预案为：以 1,109,830,895 股为基 数，向全体股东每 10 股派发现金红利 0.20 元（含税），送红股 0 股（含",pending,candidate_from_front_matter
1219445524,天保基建,financial,ok,1,"六、主要会计数据和财务指标 公司是否需追溯调整或重述以前年度会计数据 □是 否 2023 年 2022 年 本年比上年增减 2021 年 营业收入（元） 3,062,821,343.27 2,464,898,371.67 24.26% 2",pending,candidate_from_heading
1219445524,天保基建,liquidity_risk,ok,1,品质至上，加快建立产品线竞争优势。着力提升设计研发水平，全面提升项目管理水平。以客户需求和 品质提升为支点持续深化产品创新，不断提高产品的溢价能力。四是扎实推进目标成本管理，加强全员、 全要素、全过程成本管控，多措并举降本增效。 4、可能面,pending,candidate_from_heading
1222947586,天保基建,dividend,ok,1,"及应对措施，敬请投资者关注第三节“管理层讨论与分析-公司未来发展的展 望”。 公司经本次董事会审议通过的利润分配预案为：以 1,109,830,895 股为基 数，向全体股东每 10 股派发现金红利 0.10 元（含税），送红股 0 股（含",pending,candidate_from_front_matter
1222947586,天保基建,financial,ok,1,"六、主要会计数据和财务指标 公司是否需追溯调整或重述以前年度会计数据 □是 否 2024 年 2023 年 本年比上年增减 2022 年 营业收入（元） 2,530,852,855.77 3,062,821,343.27 -17.37% ",pending,candidate_from_heading
1222947586,天保基建,liquidity_risk,ok,1,强系统思维，持续提升运营水平。加强战略引领和经营管控，全面加强财务管理，精准实施成本管控。 六是强化精准对标，扎实推动管理提升。完善法人治理结构，增强投资管理能力，强化综合协调能力， 提升风险防控水平，筑牢安全环保防线。 4、可能面对的风险,pending,candidate_from_heading
1209425561,招商蛇口,dividend,ok,1,"敬 请投资者关注相关内容。 公司经本次董事会审议通过的利润分配预案为：以公司 2021 年 3 月 19 日享有利润分配权的股份总额 7,739,098,182 股为基 数，向全体股东每 10 股派发现金红利 6 .40 元（含税 ） ，不",pending,candidate_from_front_matter
1209425561,招商蛇口,financial,ok,1,"六、主要会计数据和财务指标 2020 年 2019 年 本年比上年增减 2018 年 营业收入（元） 129,620,818,394.56 97,672,181,191.74 32.71% 88,277,854,683.49 归属于上市公司",pending,candidate_from_heading
1209425561,招商蛇口,liquidity_risk,wrong_section,1,号 ） 。 用闲置募集资金暂时补充流动资金情况 不适用 对闲置募集资金进行现金管理，投资相关产品情况 不适用 用超募资金永久补充流动资金或归还银行贷款情况 不适用 募集资金结余的金额及形成原因 不适用 尚未使用的募集资金用途及去向 不适用 ,pending,candidate_from_heading; lacks_liquidity_context
1212634443,招商蛇口,dividend,ok,1,"敬 请投资者关注相关内容。 公司经本次董事会审议通过的利润分配预案为：以公司 202 2 年 3 月 18 日享有利润分配权的股份总额 7,739,098,182 股为基 数，向全体股东每 10 股派发现金红利 5.40 元（含税 ） ，不",pending,candidate_from_front_matter
1212634443,招商蛇口,financial,ok,1,"六、主要会计数据和财务指标 2021 年 2020 年 本年比上年增减 2019 年 营业收入（元） 160,643,412,999.94 129,620,818,394.56 23.93% 97,672,181,191.74 归属于上市公",pending,candidate_from_heading
1212634443,招商蛇口,liquidity_risk,wrong_section,1,获法学硕士学位及博士 学位 。 现任招商局集团有限公司风险管理部 / 法律合规部 / 审计部部长 ， 中国长江航运集团有限公司监事会主席 ， 招商局港口 集团股份有限公司监事会主席 。 历任中国对外贸易运输总公司港口业务部副总经理 、 法律,pending,candidate_from_heading; lacks_liquidity_context
1216166724,招商蛇口,dividend,ok,1,险。公司在本报告第三节“管理层讨论与分析”中“十一、公司未来发展的展望”部分，描述了公司经营中可能存在的 风险，敬请投资者关注相关内容。 公司经本次董事会审议通过的利润分配预案为：以公司 2023 年 3 月 17 日享有利润分配权的股份总,pending,candidate_from_front_matter
1216166724,招商蛇口,financial,ok,1,"六、主要会计数据和财务指标 2022 年 2021 年 本年比上年增减 2020 年 营业收入（元） 183,002,659,096.28 160,643,412,999.94 13.92% 129,620,818,394.56 归属于上市",pending,candidate_from_heading
1216166724,招商蛇口,liquidity_risk,wrong_section,1,师。历任中审亚太会计师事务所有限公司深圳分所高级审计员，天健会计师事务所深圳分所项目经理，本公司财务管理 部高级会计师、副主任会计师。 裘莉莉：注册会计师、中级会计师。毕业于浙江大学会计专业，获硕士学位。现任本公司风险管理部副主任审计师。 ,pending,candidate_from_heading; lacks_liquidity_context
1219330022,招商蛇口,dividend,ok,1,风险。公司在本报告第三节“管理层讨论与分析”中“十一、公司未来发展的展望”部分，描述了公司经营中可能存在的 风险，敬请投资者关注相关内容。 公司经本次董事会审议通过的利润分配预案为：以公司 2024 年 3 月 15 日享有利润分配权的股份,pending,candidate_from_front_matter
1219330022,招商蛇口,financial,ok,1,"六、主要会计数据和财务指标 2023 年 2022 年 本年比上年增减 2021 年 营业收入（元） 175,007,558,097.22 183,002,659,096.28 -4.37% 160,643,412,999.94 归属于上市",pending,candidate_from_heading
1219330022,招商蛇口,liquidity_risk,wrong_section,1,任中审亚太会计师事务所有限公司深圳分所高级审计员，天健会计师事务所深圳分所项目经理，本公司财务管理部高级会 计师、副主任会计师。 裘莉莉：注册会计师、中级会计师。毕业于浙江大学会计专业，获硕士学位。现任本公司风险管理部主任审计师。历任本 公,pending,candidate_from_heading; lacks_liquidity_context
1222823028,招商蛇口,dividend,ok,1,"风险。公司在本报告第三节“管理层讨论与分析”中“十一、公司未来发展的展望”部分，描述了公司经营中可能存在的 风险，敬请投资者关注相关内容。 公司经本次董事会审议通过的利润分配预案为：以 2025 年 3 月 17 日的公司总股本 9,060",pending,candidate_from_front_matter
1222823028,招商蛇口,financial,ok,1,"六、主要会计数据和财务指标 2024 年 2023 年 本年比上年增减 2022 年 营业收入（元） 178,947,546,568.86 175,007,558,097.22 2.25% 183,002,659,096.28 归属于上市公",pending,candidate_from_heading
1222823028,招商蛇口,liquidity_risk,wrong_section,1,普通合伙）出具了《招商局蛇口工业区控股股份有限公司以募集资金置换预先投入募投项目及已支付发行费用的自筹资金专项说明的审核报 告》（德师报（核）字（24）第 E00010 号） 用闲置募集资金暂时补充流动 资金情况 公司于 2023 年 10,pending,candidate_from_heading; lacks_liquidity_context
1219865459,荣盛发展,dividend,ok,1,地产市场的波动对公司销售资金回笼产生不利影响，公司可能面临因资金周转速度较慢而 导致的现金流量不足风险。敬请广大投资者注意投资风险。 公司计划不派发现金红利，不送红股，不以公积金转增股本。 <!-- page 3 --> 荣盛房地产发展股份,pending,candidate_from_front_matter
1219865459,荣盛发展,financial,ok,1,六、主要会计数据和财务指标 公司是否需追溯调整或重述以前年度会计数据 是 □否 追溯调整或重述原因：同一控制下企业合并 2023 年 2022 年 本年比上 年增减 2021 年 调整前 调整后 调整后 调整前 调整后 营业收入 （元） ,pending,candidate_from_heading
1219865459,荣盛发展,liquidity_risk,ok,1,<!-- page 64 --> 荣盛房地产发展股份有限公司 2023 年年度报告全文 64 二、控股股东及其他关联方对上市公司的非经营性占用资金情况 □适用 不适用 公司报告期不存在控股股东及其他关联方对上市公司的非经营性占用资金。 三,pending,candidate_from_heading
1209847122,滨江集团,dividend,ok,1,营发展过程中，如果内部的管理体系、项目管理制度、人力资源储备等方面不 能满足公司发展的要求，公司将面临一定的跨区域经营风险。 公司经本次董事会审议通过的利润分配预案为：以 3111443890 股为基数， 向全体股东每 10 股派发现金红利,pending,candidate_from_front_matter
1209847122,滨江集团,financial,ok,1,"六、主要会计数据和财务指标 公司是否需追溯调整或重述以前年度会计数据 □ 是 √ 否 2020 年 2019 年 本年比上年增减 2018 年 营业收入（元） 28,596,799,809.91 24,954,503,284.58 14.6",pending,candidate_from_heading
1209847122,滨江集团,liquidity_risk,ok,1,承诺是否按时履行 是 2、公司资产或项目存在盈利预测，且报告期仍处在盈利预测期间，公司就资产或项目达到原盈利预测及其原因做出说明 □ 适用 √ 不适用 四、控股股东及其关联方对上市公司的非经营性占用资金情况 □ 适用 √ 不适用 公司报告期,pending,candidate_from_heading
1213249284,滨江集团,dividend,ok,1,"营发展过程中，如果内部的管理体系、项目管理制度、人力资源储备等方面不 能满足公司发展的要求，公司将面临一定的跨区域经营风险。 公司经本次董事会审议通过的利润分配预案为： 以3,111,443,890 股为基数， 向全体股东每 10 股派发现",pending,candidate_from_front_matter
1213249284,滨江集团,financial,ok,1,"六、主要会计数据和财务指标 公司是否需追溯调整或重述以前年度会计数据 □ 是 √ 否 2021 年 2020 年 本年比上年增减 2019 年 营业收入（元） 37,976,356,466.75 28,596,799,809.91 32.8",pending,candidate_from_heading
1213249284,滨江集团,liquidity_risk,ok,1,34 御潮府 住宅 杭州 100% 11.48 35 定福阁 商业 杭州 70% 1.26 合计 414.87 （三）2022年到期的直接融资情况 从本报告披露日起，将于本年度到期的公司直接融资情况如下： 序号 证券名称 发行日期 起息日 ,pending,candidate_from_heading
1217376050,滨江集团,dividend,ok,1,"在公司跨区域经营发展过程中，如果内部的管理体系、项目管理制度、人力资源储备等方 面不能满足公司发展的要求，公司将面临一定的跨区域经营风险。 公司经本次董事会审议通过的利润分配预案为：以 3,111,443,890 股为基数，向全体股 东每 ",pending,candidate_from_front_matter
1217376050,滨江集团,financial,ok,1,"六、主要会计数据和财务指标 公司是否需追溯调整或重述以前年度会计数据 □是否 2022 年 2021 年 本年比上年增减 2020 年 营业收入（元） 41,502,316,428.18 37,976,356,466.75 9.28% 2",pending,candidate_from_heading
1217376050,滨江集团,liquidity_risk,ok,1,33 天目山晓城 商业 杭州 100.0% 13.38 34 秦望府D、F 地块 住宅 杭州 30% 30.89 合计 414.19 （四）2023 年到期的直接融资情况 从本报告披露日起，将于本年度到期的公司直接融资情况如下： 证券简称 ,pending,candidate_from_heading
1219860111,滨江集团,dividend,ok,1,"在公司跨区域经营发展过程中，如果内部的管理体系、项目管理制度、人力资源储备等方 面不能满足公司发展的要求，公司将面临一定的跨区域经营风险。 公司经本次董事会审议通过的利润分配预案为：以 3,111,443,890 股为基数，向全 体股东每 ",pending,candidate_from_front_matter
1219860111,滨江集团,financial,ok,1,"六、主要会计数据和财务指标 公司是否需追溯调整或重述以前年度会计数据 是 □否 追溯调整或重述原因 会计政策变更 2023 年 2022 年 本年比上年增 减 2021 年 调整前 调整后 调整后 调整前 调整后 营业收入（元） 70,4",pending,candidate_from_heading
1219860111,滨江集团,liquidity_risk,ok,1,37 宁波望品 住宅 宁波 51.00% 12.97 38 海潮望月城 住宅、商业 杭州 100.00% 21.29 合计 442.54 （四）2024 年到期的直接融资情况 从本报告披露日起，将于本年度到期的公司直接融资情况如下： 证券简,pending,candidate_from_heading
1223305625,滨江集团,dividend,ok,1,"管理制度、人力资源储备等方面不能满足公司发展的要求，公司将面临一定的跨区域经营 风险。 公司经本次董事会审议通过的利润分配预案为：以 3,111,443,890 股为基数，向全体 股东每 10 股派发现金红利 0.82 元（含税） ，送红股",pending,candidate_from_front_matter
1223305625,滨江集团,financial,ok,1,"六、主要会计数据和财务指标 公司是否需追溯调整或重述以前年度会计数据 □是 否 2024 年 2023 年 本年比上年增减 2022 年 营业收入（元） 69,151,820,970.03 70,442,587,508.90 -1.83%",pending,candidate_from_heading
1223305625,滨江集团,liquidity_risk,ok,1,38 临澜之城 01 地块 杭州 住宅、商业 10.00 9.21 39 海潮望月城大平层 杭州 商业 90.00 9.00 合计 342.42 （四）2025 年到期的直接融资情况 从本报告披露日起，将于本年度到期的公司直接融资情况如下：,pending,candidate_from_heading
1219468516,南山控股,dividend,ok,1,本报告中所涉及的未来计划、发展战略等前瞻性描述不构成公司对投资 者的实质承诺，敬请投资者注意投资风险。 公司计划不派发现金红利，不送红股，不以公积金转增股本。 <!-- page 3 --> 深圳市新南山控股（集团）股份有限公司 2023年,pending,candidate_from_front_matter
1219468516,南山控股,financial,ok,1,"六、主要会计数据和财务指标 公司是否需追溯调整或重述以前年度会计数据 是 □否 追溯调整或重述原因：会计政策变更 2023年 2022年 本年比上 年增减 2021年 调整前 调整后 调整后 调整前 调整后 营业收入 （元） 12,057",pending,candidate_from_heading
1219468516,南山控股,liquidity_risk,ok,1,15 入双增长，上海江桥维乐城实现开业率、招商率双百开业，苏州维乐城、长沙天池里出租率分别稳定在 88%和 90%以上， 经营质量持续提升。 （4）融资情况 2023 年，房地产开发业务强化内生资金管控，积极推动存量债务展期和置换，优化债务,pending,candidate_from_heading
1209726563,保利发展,dividend,ok,1,四、公司负责人宋广菊、主管会计工作负责人刘平及会计机构负责人周东利声明：保证年度报告 中财务报告的真实、准确、完整。 五、经董事会审议的报告期利润分配预案或公积金转增股本预案 公司拟以实施权益分派股权登记日总股本为基数，每10 股派发现金红,pending,candidate_from_front_matter
1209726563,保利发展,financial,ok,1,"七、近三年主要会计数据和财务指标 (一)主要会计数据 单位：元 币种：人民币 主要会计数据 2020年 2019年 本期比上年 同期增减 (%) 2018年 营业收入 243,094,868,536.68 235,933,564,582.0",pending,candidate_from_heading
1209726563,保利发展,liquidity_risk,ok,1,注1：经营收入包括租金、管理费及其他经营类收入； 注2：上表仅列示规模较大且运营成熟的项目； 注3：可供出租面积不含自用部分。 5.报告期内公司财务融资情况 √适用 □不适用 单位：万元 币种：人民币 期末融资总额 整体平均融资成本(%) ,pending,candidate_from_heading
1212964021,保利发展,dividend,ok,1,四、公司负责人刘平、主管会计工作负责人王一夫及会计机构负责人黎波声明：保证年度报告中财务 报告的真实、准确、完整。 五、董事会决议通过的本报告期利润分配预案或公积金转增股本预案 公司拟以实施权益分派股权登记日总股本为基数，每10股派发现金红,pending,candidate_from_front_matter
1212964021,保利发展,financial,ok,1,"七、 近三年主要会计数据和财务指标 (一) 主要会计数据 单位：万元 币种：人民币 主要会计数据 2021年 2020年 本期比上年 同期增减 (%) 2019年 调整后 调整前 营业收入 28,493,313.63 24,310,948.",pending,candidate_from_heading
1212964021,保利发展,liquidity_risk,ok,1,"公寓 18 121,828 2,299 6,447 注 1：经营收入包括租金、管理费及其他经营类收入； 注 2：可供出租面积不含自用部分。 5. 报告期内公司财务融资情况 √适用 □不适用 单位：万元 币种：人民币 期末融资总额 整体平均融",pending,candidate_from_heading
1216282876,保利发展,dividend,ok,1,四、公司负责人刘平、主管会计工作负责人王一夫及会计机构负责人黎波声明：保证年度报告 中财务报告的真实、准确、完整。 五、 董事会决议通过的本报告期利润分配预案或公积金转增股本预案 公司拟以实施权益分派股权登记日总股本为基数，每10股派发现金,pending,candidate_from_front_matter
1216282876,保利发展,financial,ok,1,"七、 近三年主要会计数据和财务指标 (一) 主要会计数据 单位：万元 币种：人民币 主要会计数据 2022年 2021年 本期比上 年同期增 减(%) 2020年 营业收入 28,101,669.82 28,493,313.63 -1.37",pending,candidate_from_heading
1216282876,保利发展,liquidity_risk,wrong_section,1,报告期内，公司强化顶层设计，整合风控合规、合约管理、安全生产等职能成立风险合规中 心，并设立审计管理中心，不断完善风险评估和管理体系；成立专项领导小组与工作组，开展合 规经营等综合治理专项行动，兼顾风险防范与业务发展。 报告期内，公司积极健,pending,candidate_from_heading; lacks_liquidity_context
1219740785,保利发展,dividend,ok,1,四、 公司负责人、董事长刘平，董事、总经理周东利，主管会计工作负责人王一夫及会计机构负责人黎 波声明：保证年度报告中财务报告的真实、准确、完整。 五、 董事会决议通过的本报告期利润分配预案或公积金转增股本预案 公司拟以实施权益分派股权登记日,pending,candidate_from_front_matter
1219740785,保利发展,financial,ok,1,"七、 近三年主要会计数据和财务指标 (一) 主要会计数据 单位：万元 币种：人民币 主要会计数据 2023年 2022年 本期比上年 同期增减 (%) 2021年 调整后 调整前 营业收入 34,682,813.29 28,101,669.",pending,candidate_from_heading
1219740785,保利发展,liquidity_risk,ok,1,"写字楼 26 991,193 855,785 99,677 否 展馆 2 229,245 162,254 31,039 否 注：以上资产由公司及其控股子公司持有。 5. 报告期内公司财务融资情况 √适用 □不适用 单位：万元 币种：人民币 ",pending,candidate_from_heading
1223382905,保利发展,dividend,ok,1,四、公司负责人、董事长 刘平，董事、总经理潘志华，主管会计工作负责人王一夫及会计机构负责人陈贤 锦声明：保证年度报告中财务报告的真实、准确、完整。 五、董事会决议通过的本报告期利润分配预案或公积金转增股本预案 根据中国证监会《证券发行与承销,pending,candidate_from_front_matter
1223382905,保利发展,financial,ok,1,"七、 近三年主要会计数据和财务指标 (一) 主要会计数据 单位：万元 币种：人民币 主要会计数据 2024年 2023年 本期比上年同 期增减(%) 2022年 营业收入 31,166,631.99 34,682,813.29 -10.14",pending,candidate_from_heading
1223382905,保利发展,liquidity_risk,ok,1,"写字楼 30 1,343,312 1,343,312 73,783 否 展馆 1 165,140 158,423 32,831 否 注：以上资产由公司及其控股子公司持有。 5、 报告期内公司财务融资情况 √适用 □不适用 单位：万元 币种：",pending,candidate_from_heading
1209797563,大名城,dividend,ok,1,三、 公司负责人俞锦、主管会计工作负责人郑国强及会计机构负责人（会计主管人员）郑国强声 明：保证年度报告中财务报告的真实、准确、完整。 四、 经董事会审议的报告期利润分配预案或公积金转增股本预案 根据天职国际会计师事务所（特殊普通合伙）出具,pending,candidate_from_front_matter
1209797563,大名城,financial,ok,1,"七、 近三年主要会计数据和财务指标 (一) 主要会计数据 单位：元 币种：人民币 主要会计数据 2020年 2019年 本期比 上年同 期增减 (%) 2018年 营业收入 14,836,942,772.34 13,043,166,526.",pending,candidate_from_heading
1209797563,大名城,liquidity_risk,ok,1,方米。 4. 报告期内房地产出租情况 □适用 √不适用 5. 报告期内公司财务融资情况 √适用 □不适用 单位：亿元 币种：人民币 期末融资总额 整体平均融资成本(%) 利息资本化金额 123.63 7.93 4.51 <!-- page ,pending,candidate_from_heading
1213255431,大名城,dividend,ok,1,四、 公司负责人俞锦、主管会计工作负责人郑国强及会计机构负责人（会计主管人员）郑国强声 明：保证年度报告中财务报告的真实、准确、完整。 五、 董事会决议通过的本报告期利润分配预案或公积金转增股本预案 根据天职国际会计师事务所（特殊普通合伙）,pending,candidate_from_front_matter
1213255431,大名城,financial,ok,1,"七、 近三年主要会计数据和财务指标 (一) 主要会计数据 单位：元币种：人民币 主要会计数据 2021年 2020年 本期比 上年同 期增减 (%) 2019年 营业收入 7,661,224,596.77 14,836,942,772.34",pending,candidate_from_heading
1213255431,大名城,liquidity_risk,ok,1,平方米。 4. 报告期内房地产出租情况 □适用 √不适用 5. 报告期内公司财务融资情况 √适用 □不适用 <!-- page 23 --> 2021 年年度报告 23 / 192 单位：亿元币种：人民币 期末融资总额 整体平均融资成本(%,pending,candidate_from_heading
1216411227,大名城,dividend,ok,1,四、 公司负责人俞锦、主管会计工作负责人郑国强及会计机构负责人（会计主管人员）郑国强声 明：保证年度报告中财务报告的真实、准确、完整。 五、 董事会决议通过的本报告期利润分配预案或公积金转增股本预案 根据天职国际会计师事务所 （特殊普通合伙,pending,candidate_from_front_matter
1216411227,大名城,financial,ok,1,"七、 近三年主要会计数据和财务指标 (一) 主要会计数据 单位：元 币种：人民币 主要会计数据 2022年 2021年 本期比上年 同期增减 (%) 2020年 营业收入 7,361,399,640.30 7,661,224,596.77 ",pending,candidate_from_heading
1216411227,大名城,liquidity_risk,ok,1,"557,740.61 平方米，报告期末已销售待结转面积463,879.75 平方米。 4. 报告期内房地产出租情况 □适用 √不适用 5. 报告期内公司财务融资情况 √适用 □不适用 单位：亿元 币种：人民币 期末融资总额 整体平均融资成本",pending,candidate_from_heading
1219622167,大名城,dividend,ok,1,四、 公司负责人俞锦、主管会计工作负责人郑国强及会计机构负责人（会计主管人员）郑国强声 明：保证年度报告中财务报告的真实、准确、完整。 五、 董事会决议通过的本报告期利润分配预案或公积金转增股本预案 根据天职国际会计师事务所（特殊普通合伙）,pending,candidate_from_front_matter
1219622167,大名城,financial,ok,1,"七、 近三年主要会计数据和财务指标 (一) 主要会计数据 单位：元币种：人民币 主要会计数据 2023年 2022年 本期比 上年同 期增减 (%) 2021年 营业收入 11,695,484,376.75 7,361,399,640.30",pending,candidate_from_heading
1219622167,大名城,liquidity_risk,ok,1,<!-- page 23 --> 2023 年年度报告 23 / 199 5. 报告期内公司财务融资情况 √适用 □不适用 单位：亿元币种：人民币 期末融资总额 整体平均融资成本(%) 利息资本化金额 33.32 6.08 2.35 6. ,pending,candidate_from_heading
1223317029,大名城,dividend,ok,1,四、公司负责人俞锦、主管会计工作负责人郑国强及会计机构负责人（会计主管人员）郑国强 声明：保证年度报告中财务报告的真实、准确、完整。 五、董事会决议通过的本报告期利润分配预案或公积金转增股本预案 根据天职国际会计师事务所（特殊普通合伙）出具,pending,candidate_from_front_matter
1223317029,大名城,financial,ok,1,"七、 近三年主要会计数据和财务指标 (一) 主要会计数据 单位：元币种：人民币 主要会计数据 2024年 2023年 本期比上年 同期增减(%) 2022年 营业收入 4,170,683,018.28 11,695,484,376.75 -",pending,candidate_from_heading
1223317029,大名城,liquidity_risk,ok,1,"8 华东 社区配套商业 19,721.43 6,693,776.39 100 否 不适用 9 东南 酒店 40,443.95 30,923,383.38 100 否 不适用 注：出租房地产的租金收入包括租金、管理费、酒店等场馆运营、及其他经",pending,candidate_from_heading
1209669275,城建发展,dividend,ok,1,"四、 公司负责人陈代华、主管会计工作负责人储昭武及会计机构负责人（会计主管人员）肖红卫 声明：保证年度报告中财务报告的真实、准确、完整。 五、 经董事会审议的报告期利润分配预案或公积金转增股本预案 本公司拟以总股数2,256,537,600",pending,candidate_from_front_matter
1209669275,城建发展,financial,ok,1,"七、 近三年主要会计数据和财务指标 (一) 主要会计数据 单位：元 币种：人民币 主要会计数据 2020年 2019年 本期比上年同 期增减(%) 2018年 营业收入 13,890,861,806.80 16,431,884,817.44",pending,candidate_from_heading
1209669275,城建发展,liquidity_risk,ok,1,19 / 224 4. 报告期内房地产出租情况 □适用 √不适用 5. 报告期内公司财务融资情况 √适用 □不适用 单位：亿元 币种：人民币 期末融资总额 整体平均融资成本(%) 利息资本化金额 678.82 5.32 21.41 6. 其,pending,candidate_from_heading
1212942161,城建发展,dividend,ok,1,"四、 公司负责人陈代华、主管会计工作负责人储昭武及会计机构负责人（会计主管人员）肖红卫 声明：保证年度报告中财务报告的真实、准确、完整。 五、 董事会决议通过的本报告期利润分配预案或公积金转增股本预案 本公司拟以总股数2,256,537,6",pending,candidate_from_front_matter
1212942161,城建发展,financial,ok,1,"七、 近三年主要会计数据和财务指标 (一) 主要会计数据 单位：元 币种：人民币 主要会计数据 2021年 2020年 本期比上年同期 增减(%) 2019年 营业收入 24,184,267,659.43 13,890,861,806.80",pending,candidate_from_heading
1212942161,城建发展,liquidity_risk,ok,1,米。 4. 报告期内房地产出租情况 □适用 √不适用 5. 报告期内公司财务融资情况 √适用 □不适用 单位：亿元 币种：人民币 期末融资总额 整体平均融资成本(%) 利息资本化金额 624.05 4.4751 25.01 6. 其他说明 ,pending,candidate_from_heading
1216238461,城建发展,dividend,ok,1,"四、 公司负责人储昭武、主管会计工作负责人储昭武及会计机构负责人（会计主管人员）肖红卫 声明：保证年度报告中财务报告的真实、准确、完整。 五、 董事会决议通过的本报告期利润分配预案或公积金转增股本预案 本公司拟以总股数2,256,537,6",pending,candidate_from_front_matter
1216238461,城建发展,financial,ok,1,"七、 近三年主要会计数据和财务指标 (一) 主要会计数据 单位：元币种：人民币 主要会计数据 2022年 2021年 本期比上年 同期增减(%) 2020年 营业收入 24,561,879,581.13 24,184,267,659.43 ",pending,candidate_from_heading
1216238461,城建发展,liquidity_risk,ok,1,20 / 219 4. 报告期内房地产出租情况 □适用 √不适用 5. 报告期内公司财务融资情况 √适用 □不适用 单位：亿元币种：人民币 期末融资总额 整体平均融资成本(%) 利息资本化金额 555.93 4.67 22.15 6. 其他,pending,candidate_from_heading
1219595758,城建发展,dividend,ok,1,"四、 公司负责人储昭武、主管会计工作负责人邹哲及会计机构负责人（会计主管人员）肖红卫声 明：保证年度报告中财务报告的真实、准确、完整。 五、 董事会决议通过的本报告期利润分配预案或公积金转增股本预案 本公司拟以总股数2,256,537,60",pending,candidate_from_front_matter
1219595758,城建发展,financial,ok,1,"七、 近三年主要会计数据和财务指标 (一) 主要会计数据 单位：元 币种：人民币 主要会计数据 2023年 2022年 本期比上年 同期增减(%) 2021年 营业收入 20,363,033,190.89 24,561,879,581.13",pending,candidate_from_heading
1219595758,城建发展,liquidity_risk,ok,1,21 / 251 4. 报告期内房地产出租情况 □适用 √不适用 5. 报告期内公司财务融资情况 √适用 □不适用 单位：亿元 币种：人民币 期末融资总额 整体平均融资成本(%) 利息资本化金额 459.95 4.12 16.66 6. 其,pending,candidate_from_heading
1223155072,城建发展,dividend,ok,1,"四、公司负责人储昭武、主管会计工作负责人邹哲及会计机构负责人（会计主管人员）肖木军 声明：保证年度报告中财务报告的真实、准确、完整。 五、 董事会决议通过的本报告期利润分配预案或公积金转增股本预案 本公司拟以总股数2,075,743,507",pending,candidate_from_front_matter
1223155072,城建发展,financial,ok,1,"七、 近三年主要会计数据和财务指标 (一) 主要会计数据 单位：元 币种：人民币 主要会计数据 2024年 2023年 本期比上年 同期增减(%) 2022年 营业收入 25,442,187,511.01 20,363,033,190.89",pending,candidate_from_heading
1223155072,城建发展,liquidity_risk,ok,1,21 / 237 4、 报告期内房地产出租情况 □适用 √不适用 5、 报告期内公司财务融资情况 √适用 □不适用 单位：亿元币种：人民币 期末融资总额 整体平均融资成本(%) 利息资本化金额 401.33 3.71 10.25 6、 其他,pending,candidate_from_heading
1209797610,华发股份,dividend,ok,1,四、 公司负责人李光宁、主管会计工作负责人俞卫国及会计机构负责人（会计主管人员）陈新云 声明：保证年度报告中财务报告的真实、准确、完整。 五、 经董事局会议审议的报告期利润分配预案或公积金转增股本预案 拟以公司2020年度利润分配实施股权登,pending,candidate_from_front_matter
1209797610,华发股份,financial,ok,1,"七、 近三年主要会计数据和财务指标 (一) 主要会计数据 单位：元 币种：人民币 主要会计数 据 2020年 2019年 本期 比上 年同 期增 减(%) 2018年 调整后 调整前 营业收入 51,006,301,498.83 33,14",pending,candidate_from_heading
1209797610,华发股份,liquidity_risk,ok,1,"2 上海 普陀区办公楼 办公楼 8,068.62 6,172,055.67 100 是 3 珠海/ 南宁 长租公寓 公寓 87,518.84 14,964,588.54 100 是 5. 报告期内公司财务融资情况 √适用 □不适用 单位：万",pending,candidate_from_heading
1212857761,华发股份,dividend,ok,1,四、公司负责人李光宁、主管会计工作负责人罗彬及会计机构负责人（会计主管人员）陈新云声 明：保证年度报告中财务报告的真实、准确、完整。 五、董事局决议通过的本报告期利润分配预案或公积金转增股本预案 拟以公司2021年度利润分配实施股权登记日的,pending,candidate_from_front_matter
1212857761,华发股份,financial,ok,1,"七、 近三年主要会计数据和财务指标 (一) 主要会计数据 单位：元 币种：人民币 主要会计 数据 2021年 2020年 本期 比上 年同 期增 减(%) 2019年 调整后 调整前 营业收入 51,240,679,151.29 51,00",pending,candidate_from_heading
1212857761,华发股份,liquidity_risk,ok,1,"计量模式 1 购物中心和商业街 378,872.84 28,929.29 是 2 办公楼及其他 136,747.86 3,940.94 是 5. 报告期内公司财务融资情况 √适用 □不适用 单位：万元 币种：人民币 期末融资总额 整体平均融",pending,candidate_from_heading
1216169340,华发股份,dividend,ok,1,四、 公司负责人李光宁、主管会计工作负责人罗彬及会计机构负责人（会计主管人员）陈新云声 明：保证年度报告中财务报告的真实、准确、完整。 五、 董事局会议决议通过的本报告期利润分配预案或公积金转增股本预案 拟以公司2022年度利润分配实施股权,pending,candidate_from_front_matter
1216169340,华发股份,financial,ok,1,"七、 近三年主要会计数据和财务指标 (一) 主要会计数据 单位：元 币种：人民币 主要会计数 据 2022年 2021年 本期比 上年同 期增减 (%) 2020年 调整后 调整前 营业收入 59,189,810,191.70 51,240",pending,candidate_from_heading
1216169340,华发股份,liquidity_risk,ok,1,"值计量模式 1 购物中心和商业街 359,669.15 28,584.48 是 2 办公楼及其他 213,998.54 5,808.88 是 5. 报告期内公司财务融资情况 √适用 □不适用 单位：万元 币种：人民币 期末融资总额 整体平均",pending,candidate_from_heading
1219875404,华发股份,dividend,ok,1,四、 公司负责人李光宁、主管会计工作负责人罗彬及会计机构负责人（会计主管人员） 陈 新云声明：保证年度报告中财务报告的真实、准确、完整。 五、 董事局会议决议通过的本报告期利润分配预案或公积金转增股本预案 拟以公司2023年度利润分配实施股,pending,candidate_from_front_matter
1219875404,华发股份,financial,ok,1,七、 近三年主要会计数据和财务指标 (一) 主要会计数据 <!-- page 6 --> 2023 年年度报告 6 / 340 单位：元 币种：人民币 主要会计 数据 2023年 2022年 本期比上年 同期增减(%) 2021年 调整后 ,pending,candidate_from_heading
1219875404,华发股份,liquidity_risk,wrong_section,1,"2023年，商品房销售面积111,735万平方米，比上年下降8.5%，其中住宅销售面积下降8.2%。 商品房销售额 116,622亿元，下降 6.5%，其中住宅销售额下降 6.0%。2023 年末，商品房待售面 积 67,295万平方米，比",pending,candidate_from_heading; lacks_liquidity_context
1222807709,华发股份,dividend,ok,1,四、公司负责人李光宁、主管会计工作负责人罗彬及会计机构负责人（会计主管人员）陈新云 声明：保证年度报告中财务报告的真实、准确、完整。 五、董事局决议通过的本报告期利润分配预案或公积金转增股本预案 拟以公司2024年度利润分配实施股权登记日的,pending,candidate_from_front_matter
1222807709,华发股份,financial,ok,1,"七、 近三年主要会计数据和财务指标 (一) 主要会计数据 单位：元 币种：人民币 主要会计数据 2024年 2023年 本期比上 年同期增 减(%) 2022年 营业收入 59,992,367,667.72 72,144,909,943.7",pending,candidate_from_heading
1222807709,华发股份,liquidity_risk,wrong_section,1,"2024 年，新建商品房销售面积 97,385 万平方米，比上年下降 12.9%，其中住宅销售面积下降 14.1%。新建商品房销售额 96,750 亿元，下降 17.1%，其中住宅销售额下降 17.6%。2024 年末，商 品房待售面积 7",pending,candidate_from_heading; lacks_liquidity_context
1209712122,首开股份,dividend,ok,1,"四、 公司负责人李岩、主管会计工作负责人容宇及会计机构负责人（会计主管人员）容宇声明： 保证年度报告中财务报告的真实、准确、完整。 五、 经董事会审议的报告期利润分配预案或公积金转增股本预案 公司拟以2020年12月31日的总股本2,579",pending,candidate_from_front_matter
1209712122,首开股份,financial,ok,1,"七、 近三年主要会计数据和财务指标 (一) 主要会计数据 单位：元 币种：人民币 主要会计数据 2020年 2019年 本期比上年 同期增减 (%) 2018年 营业收入 44,226,427,381.80 47,645,398,390.2",pending,candidate_from_heading
1209712122,首开股份,liquidity_risk,ok,1,"方米。 3. 报告期内房地产出租情况 □适用 √不适用 4. 报告期内公司财务融资情况 √适用 □不适用 单位：万元 币种：人民币 期末融资总额 整体平均融资成本(%) 利息资本化金额 13,688,825.78 5.27 452,648.",pending,candidate_from_heading
1212940956,首开股份,dividend,ok,1,"四、 公司负责人李岩、主管会计工作负责人容宇及会计机构负责人（会计主管人员） 容宇声明： 保证年度报告中财务报告的真实、准确、完整。 五、 董事会决议通过的本报告期利润分配预案或公积金转增股本预案 公司拟以2021年12月31日的总股本2,",pending,candidate_from_front_matter
1212940956,首开股份,financial,ok,1,"七、 近三年主要会计数据和财务指标 (一) 主要会计数据 单位：元 币种：人民币 主要会计数据 2021年 2020年 本期比上年 同期增减 (%) 2019年 营业收入 67,802,259,765.09 44,226,427,381.8",pending,candidate_from_heading
1212940956,首开股份,liquidity_risk,ok,1,"<!-- page 48 --> 2021 年年度报告 48 / 253 5. 报告期内公司财务融资情况 √适用 □不适用 单位：万元 币种：人民币 期末融资总额 整体平均融资成本(%) 利息资本化金额 12,593,165.45 4.85",pending,candidate_from_heading
1216741112,首开股份,dividend,ok,1,"四、 公司负责人李岩、主管会计工作负责人容宇及会计机构负责人（会计主管人员） 王奥声明： 保证年度报告中财务报告的真实、准确、完整。 五、 董事会决议通过的本报告期利润分配预案或公积金转增股本预案 公司拟以2022年12月31日的总股本2,",pending,candidate_from_front_matter
1216741112,首开股份,financial,ok,1,七、 近三年主要会计数据和财务指标 (一) 主要会计数据 <!-- page 11 --> 2022 年年度报告 11 / 254 单位：元 币种：人民币 主要会计数据 2022年 2021年 本期比上年 同期增减 (%) 2020年 调整,pending,candidate_from_heading
1216741112,首开股份,liquidity_risk,wrong_section,1,"报告期末主要在售项目待结转面积11,758,193 平方米。 4. 报告期内房地产出租情况 □适用 √不适用 5. 报告期内公司财务融资情况 √适用 □不适用 单位：万元 币种：人民币 期末融资总额 整体平均融资成本(%) 利息资本化金额 ",pending,candidate_from_heading; lacks_liquidity_context
1219689383,首开股份,dividend,ok,1,五、 公司负责人李岩、主管会计工作负责人王奥及会计机构负责人（会计主管人员） 王奥声明： 保证年度报告中财务报告的真实、准确、完整。 六、 董事会决议通过的本报告期利润分配预案或公积金转增股本预案 为保持公司稳健发展及资金流动性的需求， 更,pending,candidate_from_front_matter
1219689383,首开股份,financial,ok,1,"七、 近三年主要会计数据和财务指标 (一) 主要会计数据 单位：元 币种：人民币 主要会计数 据 2023年 2022年 本期比 上年同 期增减 (%) 2021年 调整后 调整前 营业收入 47,762,930,434.22 47,920",pending,candidate_from_heading
1219689383,首开股份,liquidity_risk,ok,1,"报告期末待结转面积7,391,976 平方米。 4. 报告期内房地产出租情况 □适用 √不适用 5. 报告期内公司财务融资情况 √适用 □不适用 单位：元 币种：人民币 期末融资总额 整体平均融资成本(%) 利息资本化金额 114,012,",pending,candidate_from_heading
1223218785,首开股份,dividend,ok,1,五、 公司负责人李岩、主管会计工作负责人王奥及会计机构负责人（会计主管人员） 王奥声明： 保证年度报告中财务报告的真实、准确、完整。 六、 董事会决议通过的本报告期利润分配预案或公积金转增股本预案 不派发现金红利，不送红股，不以资本公积转增,pending,candidate_from_front_matter
1223218785,首开股份,financial,ok,1,"七、 近三年主要会计数据和财务指标 (一) 主要会计数据 单位：元 币种：人民币 主要会计数据 2024年 2023年 本期比上 年同期增 减(%) 2022年 营业收入 24,213,068,048.89 47,762,930,434.2",pending,candidate_from_heading
1223218785,首开股份,liquidity_risk,wrong_section,1,"目）报告期末待结转面积8,597,676 平方米。 4、 报告期内房地产出租情况 □适用 √不适用 5、 报告期内公司财务融资情况 √适用 □不适用 单位：万元 币种：人民币 期末融资总额 整体平均融资成本(%) 利息资本化金额 10,98",pending,candidate_from_heading; lacks_liquidity_context
1209713680,金地集团,dividend,ok,1,和效益都稳步增长， 已经逐步发展成为了一家以房地产开发为主业、 相关多元业务全 面发展的综合型上市公司， 并以优秀的经营业绩为股东创造了持续稳定的回报。 上市 20 年以来，公司坚持每年进行现金分红，累计分红金额达 164.41 亿元，累计,pending,candidate_from_front_matter
1209713680,金地集团,financial,ok,1,"七、 近三年主要会计数据和财务指标 (一) 主要会计数据 单位：元 币种：人民币 主要会计数据 2020 年 2019 年 本期比上年 同期增减 (%) 2018 年 营业收入 83,982,164,387.13 63,419,928,66",pending,candidate_from_heading
1209713680,金地集团,liquidity_risk,ok,1,√适用 □不适用 本报告中所涉及的未来计划、发展战略、规划及展望等前瞻性描述不构成公司对投资者的实 质承诺，敬请投资者注意投资风险。 七、 是否存在被控股股东及其关联方非经营性占用资金情况 否 八、 是否存在违反规定决策程序对外提供担保的情,pending,candidate_from_heading
1213086449,金地集团,dividend,ok,1,四、 公司负责人凌克、主管会计工作负责人韦传军及会计机构负责人（会计主管人员）曾爱辉声 明：保证年度报告中财务报告的真实、准确、完整。 五、 董事会决议通过的本报告期利润分配预案或公积金转增股本预案 2021年度公司经审计的归属于上市公司股,pending,candidate_from_front_matter
1213086449,金地集团,financial,ok,1,"七、 近三年主要会计数据和财务指标 (一) 主要会计数据 单位：元 币种：人民币 主要会计数据 2021年 2020年 本期比上年同期 增减(%) 2019年 营业收入 99,232,216,888.53 83,982,164,387.13",pending,candidate_from_heading
1213086449,金地集团,liquidity_risk,ok,1,在城市更新方面，稳盛投资协同金地商置，完成了对持有型物业广州创智汇产业园项目的股权收 购， 增加了公司持有类物业运营管理经验。 在证券化方面， 完成上海8 号桥项目 ABS 产品 2.51 亿 元资金的续发。在资金方面，稳盛投资积极拓展机构,pending,candidate_from_heading
1216702482,金地集团,dividend,ok,1,四、 公司负责人凌克、主管会计工作负责人韦传军及会计机构负责人（会计主管人员）曾爱辉声 明：保证年度报告中财务报告的真实、准确、完整。 五、 董事会决议通过的本报告期利润分配预案或公积金转增股本预案 2022年度公司经审计的归属于上市公司股,pending,candidate_from_front_matter
1216702482,金地集团,financial,ok,1,"七、 近三年主要会计数据和财务指标 (一) 主要会计数据 单位：元 币种：人民币 主要会计数据 2022年 2021年 本期比上年 同期增减(%) 2020年 营业收入 120,208,094,585.33 99,232,216,888.5",pending,candidate_from_heading
1216702482,金地集团,liquidity_risk,ok,1,"<!-- page 40 --> 2022 年年度报告 40 / 102 4. 报告期内公司财务融资情况 √适用 □不适用 单位：亿元 币种：人民币 期末融资总额 整体平均融资成本(%) 利息资本化金额 1,152.16 4.53 26.6",pending,candidate_from_heading
1219307600,金地集团,dividend,ok,1,四、 公司负责人黄俊灿、主管会计工作负责人韦传军及会计机构负责人（会计主管人员）曾爱辉 声明：保证年度报告中财务报告的真实、准确、完整。 五、 董事会决议通过的本报告期利润分配预案或公积金转增股本预案 2023年度公司经审计的归属于上市公司,pending,candidate_from_front_matter
1219307600,金地集团,financial,ok,1,"七、 近三年主要会计数据和财务指标 (一) 主要会计数据 单位：元 币种：人民币 主要会计数据 2023年 2022年 本期比上年同 期增减(%) 2021年 调整后 调整前 调整后 调整前 营业收入 98,125,335,583.60 1",pending,candidate_from_heading
1219307600,金地集团,liquidity_risk,ok,1,力度，优化项目债务结构，促进项目安全退出，实现多方共赢。在资金方面，稳盛投资积极拓展 机构资金，重点与保险机构、内资投资机构，及实体资本推进战略合作，共同推进住宅股权、产 业园及长租公寓开发、持有类资产 Pre-REITs 等领域的合作。报,pending,candidate_from_heading
1222881250,金地集团,dividend,ok,1,四、 公司负责人徐家俊、主管会计工作负责人李荣辉及会计机构负责人（会计主管人员）曾爱辉 声明：保证年度报告中财务报告的真实、准确、完整。 五、 董事会决议通过的本报告期利润分配预案或公积金转增股本预案 经德勤华永会计师事务所（特殊普通合伙）,pending,candidate_from_front_matter
1222881250,金地集团,financial,ok,1,"七、 近三年主要会计数据和财务指标 (一) 主要会计数据 单位：元 币种：人民币 主要会计数据 2024年 2023年 本期比上年同期增减 (%) 2022年 营业收入 75,343,746,673.02 98,125,335,583.60",pending,candidate_from_heading
1222881250,金地集团,liquidity_risk,ok,1,"累计签约管理面积达 3,831 万平方米。 报告期内，稳盛投资持续严控风险、稳健经营，压降投资规模，加强投资项目的销售回款管 理力度，优化项目债务结构，促进项目安全退出。同时，加快存量资产盘活以及融资优化。报告 期内，稳盛投资进一步加强投后",pending,candidate_from_heading
1209878729,栖霞建设,dividend,ok,1,"四、 公司负责人江劲松、主管会计工作负责人徐水炎及会计机构负责人（会计主管人员）何政武 声明：保证年度报告中财务报告的真实、准确、完整。 五、 经董事会审议的报告期利润分配预案或公积金转增股本预案 以2020年末股份总额1,050,000,",pending,candidate_from_front_matter
1209878729,栖霞建设,financial,ok,1,"七、 近三年主要会计数据和财务指标 (一) 主要会计数据 单位：元 币种：人民币 主要会计数据 2020年 2019年 本期比上 年同期增 减(%) 2018年 营业收入 3,294,698,994.57 2,289,126,074.77 ",pending,candidate_from_heading
1209878729,栖霞建设,liquidity_risk,ok,1,"1 南京 出租物业 49,610.84 5,188.91 否 不适用 2 苏州 出租物业 14,888.43 1,136.91 否 不适用 3 无锡 出租物业 25,600.00 989.83 否 不适用 5. 报告期内公司财务融资情况 √",pending,candidate_from_heading
1213269486,栖霞建设,dividend,ok,1,"四、 公司负责人江劲松、主管会计工作负责人徐水炎及会计机构负责人（会计主管人员）何政武 声明：保证年度报告中财务报告的真实、准确、完整。 五、 董事会决议通过的本报告期利润分配预案或公积金转增股本预案 以2021年末股份总额1,050,00",pending,candidate_from_front_matter
1213269486,栖霞建设,financial,ok,1,"七、 近三年主要会计数据和财务指标 (一) 主要会计数据 单位：元 币种：人民币 主要会计数据 2021年 2020年 本期比上 年同期增 减(%) 2019年 营业收入 3,187,954,500.69 3,294,698,994.57 ",pending,candidate_from_heading
1213269486,栖霞建设,liquidity_risk,ok,1,"3 无锡 出租物业 35,144.35 867.58 100 否 注：房地产的租金收入为2021 年度确认的出租收入，出租房地产的建筑面积为截至2021 年 12 月 31 日的出租总面积。 5. 报告期内公司财务融资情况 √适用 □不适用",pending,candidate_from_heading
1216690726,栖霞建设,dividend,ok,1,"四、 公司负责人江劲松、主管会计工作负责人徐水炎及会计机构负责人（会计主管人员）何政武 声明：保证年度报告中财务报告的真实、准确、完整。 五、 董事会决议通过的本报告期利润分配预案或公积金转增股本预案 以2022年末股份总额1,050,00",pending,candidate_from_front_matter
1216690726,栖霞建设,financial,ok,1,"七、 近三年主要会计数据和财务指标 (一) 主要会计数据 单位：元 币种：人民币 主要会计数据 2022年 2021年 本期比上 年同期增 减(%) 2020年 营业收入 6,913,588,071.53 3,187,954,500.69 ",pending,candidate_from_heading
1216690726,栖霞建设,liquidity_risk,ok,1,"1 南京 出租物业 42,848 3,532.79 100 否 2 苏州 出租物业 17,400 475.70 100 否 3 无锡 出租物业 35,100 696.41 100 否 5. 报告期内公司财务融资情况 √适用 □不适用 单位：",pending,candidate_from_heading
1219915446,栖霞建设,dividend,ok,1,四、 公司负责人江劲松、主管会计工作负责人徐水炎及会计机构负责人（会计主管人员）何政武 声明：保证年度报告中财务报告的真实、准确、完整。 五、 董事会决议通过的本报告期利润分配预案或公积金转增股本预案 无 六、 前瞻性陈述的风险声明 √适用,pending,candidate_from_front_matter
1219915446,栖霞建设,financial,ok,1,"七、 近三年主要会计数据和财务指标 (一) 主要会计数据 单位：元 币种：人民币 主要会计数据 2023年 2022年 本期比上 年同期增 减(%) 2021年 营业收入 4,768,139,382.50 6,913,588,071.53 ",pending,candidate_from_heading
1219915446,栖霞建设,liquidity_risk,ok,1,"1 南京地区 出租物业 34,744 3,539.46 100 否 2 无锡地区 出租物业 34,000 1,031.32 100 否 3 苏州地区 出租物业 19,000 862.21 100 否 5. 报告期内公司财务融资情况 □适用 ",pending,candidate_from_heading
1223420265,栖霞建设,dividend,ok,1,四、公司负责人江劲松、主管会计工作负责人何政武及会计机构负责人（会计主管人员）刘金宝 声明：保证年度报告中财务报告的真实、准确、完整。 五、董事会决议通过的本报告期利润分配预案或公积金转增股本预案 公司经审计的2024年度归属于母公司所有者,pending,candidate_from_front_matter
1223420265,栖霞建设,financial,ok,1,"七、 近三年主要会计数据和财务指标 (一) 主要会计数据 单位：元 币种：人民币 主要会计数据 2024年 2023年 本期比上 年同期增 减(%) 2022年 营业收入 2,117,557,631.27 4,768,139,382.50 ",pending,candidate_from_heading
1223420265,栖霞建设,liquidity_risk,ok,1,"南京栖霞建设股份有限公司2024 年年度报告 18/170 3 苏州地区 出租物业 18,900 878.93 100 否 5、 报告期内公司财务融资情况 √适用 □不适用 单位：万元 币种：人民币 期末融资总额 整体平均融资成本(%) 利",pending,candidate_from_heading
1209711545,浦东金桥,dividend,ok,1,四、 公司负责人王颖、 主管会计工作负责人佟洁及会计机构负责人 （会计主管人员）戚昕睿声明： 保证年度报告中财务报告的真实、准确、完整。 五、 经董事会审议的报告期利润分配预案或公积金转增股本预案 公司以实施权益分派股权登记日登记的总股本为,pending,candidate_from_front_matter
1209711545,浦东金桥,financial,ok,1,"七、 近三年主要会计数据和财务指标 (一) 主要会计数据 单位：元 币种：人民币 主要会计数据 2020年 2019年 本期 比上 年同 期增 减(%) 2018年 营业收入 3,593,224,862.65 3,352,382,770.9",pending,candidate_from_heading
1209711545,浦东金桥,liquidity_risk,ok,1,"务公寓 酒店公寓 138,168.58 10,436.81 100.00 否 不适用 房产小计 2,518,149.95 138,247.00 8 上海（金桥） 金桥北区土地 土地 339,145.00 3,963.32 100.00 否 ",pending,candidate_from_heading
1212921077,浦东金桥,dividend,ok,1,四、 公司负责人王颖、 主管会计工作负责人佟洁及会计机构负责人 （会计主管人员）戚昕睿声明： 保证年度报告中财务报告的真实、准确、完整。 五、 董事会决议通过的本报告期利润分配预案或公积金转增股本预案 公司在提取法定盈余公积、任意盈余公积后,pending,candidate_from_front_matter
1212921077,浦东金桥,financial,ok,1,"七、 近三年主要会计数据和财务指标 (一) 主要会计数据 单位：元 币种：人民币 主要会计数据 2021年 2020年 本期比 上年同 期增减 (%) 2019年 营业收入 4,617,151,585.65 3,593,224,862.65",pending,candidate_from_heading
1212921077,浦东金桥,liquidity_risk,ok,1,"20 / 185 房产小计 3,006,710.89 176,402.54 8 金桥地区 金桥北区土地 土地 339,145.00 5,173.32 100% 否 不适用 5. 报告期内公司财务融资情况 √适用 □不适用 单位：万元 币种：",pending,candidate_from_heading
1216402029,浦东金桥,dividend,ok,1,四、 公司负责人王颖、 主管会计工作负责人佟洁及会计机构负责人 （会计主管人员）戚昕睿声明： 保证年度报告中财务报告的真实、准确、完整。 五、 董事会决议通过的本报告期利润分配预案或公积金转增股本预案 公司在提取法定盈余公积、任意盈余公积后,pending,candidate_from_front_matter
1216402029,浦东金桥,financial,ok,1,"七、 近三年主要会计数据和财务指标 (一) 主要会计数据 单位：元 币种：人民币 主要会计数据 2022年 2021年 本期比 上年同 期增减 (%) 2020年 营业收入 5,053,493,602.89 4,617,151,585.65",pending,candidate_from_heading
1216402029,浦东金桥,liquidity_risk,ok,1,"<!-- page 22 --> 2022 年年度报告 22 / 200 5. 报告期内公司财务融资情况 √适用 □不适用 单位：万元 币种：人民币 期末融资总额 整体平均融资成本(%) 利息资本化金额 1,053,983.00 3.24%",pending,candidate_from_heading
1219583682,浦东金桥,dividend,ok,1,"3 公司全体董事出席董事会会议。 4 众华会计师事务所（特殊普通合伙）为本公司出具了标准无保留意见的审计报告。 5 董事会决议通过的本报告期利润分配预案或公积金转增股本预案 公司在提取法定盈余公积、任意盈余公积后，以 2023年末总股本1,",pending,candidate_from_front_matter
1219583682,浦东金桥,financial,ok,1,"3 公司主要会计数据和财务指标 3.1 近 3 年的主要会计数据和财务指标 单位：元 币种：人民币 2023年 2022年 本年比上年 增减(%) 2021年 总资产 39,780,978,141.40 34,547,678,961.12 ",pending,candidate_from_heading
1219583682,浦东金桥,liquidity_risk,wrong_section,1,"主要指标 2023 年 2022 年 本期比上年同期增减 （%） 资产负债率（%） 57.30 55.80 2.69 扣除非经常性损益后净利润 1,781,194,542.34 1,522,481,371.96 16.99 EBITDA 全",pending,candidate_from_fallback_keyword; lacks_liquidity_context
1223095385,浦东金桥,dividend,ok,1,四、公司负责人王颖、主管会计工作负责人李建芳及会计机构负责人（会计主管人员）戚昕睿 声明：保证年度报告中财务报告的真实、准确、完整。 五、 董事会决议通过的本报告期利润分配预案或公积金转增股本预案 公司在提取法定盈余公积、任意盈余公积后，以,pending,candidate_from_front_matter
1223095385,浦东金桥,financial,ok,1,"七、 近三年主要会计数据和财务指标 (一) 主要会计数据 单位：元 币种：人民币 主要会计数据 2024年 2023年 本期比上 年同期增 减(%) 2022年 营业收入 2,724,786,282.83 6,585,310,852.05 ",pending,candidate_from_heading
1223095385,浦东金桥,liquidity_risk,ok,1,"7 上海 碧云花园酒店服务公寓 酒店公寓 109,862.15 20,061.33 100 否 不适用 房产小计 3,014,609.45 194,568.94 1 金桥地区 金桥北区土地 土地 331,122.00 8,929.81 10",pending,candidate_from_heading
1209488634,外高桥,dividend,ok,1,"四、 公司负责人刘宏、主管会计工作负责人张舒娜及会计机构负责人（会计主管人员）曾暹豪声 明：保证年度报告中财务报告的真实、准确、完整。 五、 经董事会审议的报告期利润分配预案或公积金转增股本预案 拟以2020年末公司总股本1,135,349",pending,candidate_from_front_matter
1209488634,外高桥,financial,ok,1,"七、 近三年主要会计数据和财务指标 (一) 主要会计数据 单位：元 币种：人民币 主要会计数据 2020年 2019年 本期比上 年同期增 减(%) 2018年 营业收入 10,150,712,183.46 8,940,850,712.46",pending,candidate_from_heading
1209488634,外高桥,liquidity_risk,wrong_section,1,"5 启东 工业仓储物业 42,473.13 4,269,800.00 说明：1、“办公商业物业”包含：办公并配套商业、商业金融地产、酒店公寓及其他 2、“工业仓储物业”包含：工业厂房、仓储物流用房 5. 报告期内公司财务融资情况 √适用 □",pending,candidate_from_heading; lacks_liquidity_context
1212752447,外高桥,dividend,ok,1,"四、 公司负责人刘宏、主管会计工作负责人张舒娜及会计机构负责人（会计主管人员）曾暹豪声 明：保证年度报告中财务报告的真实、准确、完整。 五、 董事会决议通过的本报告期利润分配预案或公积金转增股本预案 拟以2021年末公司总股本1,135,3",pending,candidate_from_front_matter
1212752447,外高桥,financial,ok,1,"七、 近三年主要会计数据和财务指标 (一) 主要会计数据 单位：元 币种：人民币 主要会计数据 2021年 2020年 本期比上 年同期增 减(%) 2019年 营业收入 8,743,501,778.93 10,150,712,183.46",pending,candidate_from_heading
1212752447,外高桥,liquidity_risk,ok,1,"2021 年年度报告 24 / 210 2、“工业仓储物业”包含：工业厂房、仓储物流用房 5. 报告期内公司财务融资情况 √适用 □不适用 单位：万元 币种：人民币 期末融资总额 整体平均融资成本(%) 利息资本化金额 1,732,954.",pending,candidate_from_heading
1216389638,外高桥,dividend,ok,1,"四、 公司负责人俞勇、主管会计工作负责人 吕军及会计机构负责人（会计主管人员） 曾暹豪声明：保证年度报告中财务报告的真实、准确、完整。 五、 董事会决议通过的本报告期利润分配预案或公积金转增股本预案 拟以2022年末公司总股本1,135,3",pending,candidate_from_front_matter
1216389638,外高桥,financial,ok,1,"七、 近三年主要会计数据和财务指标 (一) 主要会计数据 单位：元 币种：人民币 主要会计数据 2022年 2021年 本期比上年 同期增减(%) 2020年 营业收入 9,058,284,597.25 8,743,501,778.93 3",pending,candidate_from_heading
1216389638,外高桥,liquidity_risk,ok,1,"4 启东 工业仓储物业 39,018.18 6,256,457.68 说明：1、“办公商业物业”包含：办公并配套商业、商业金融地产 2、“工业仓储物业”包含：工业厂房、仓储物流用房 5. 报告期内公司财务融资情况 √适用 □不适用 单位：万",pending,candidate_from_heading
1219840458,外高桥,dividend,ok,1,四、 公司负责人徐峰、 主管会计工作负责人种永及会计机构负责人 （会计主管人员）杜丽芳声明： 保证年度报告中财务报告的真实、准确、完整。 五、 董事会决议通过的本报告期利润分配预案或公积金转增股本预案 公司拟以实施权益分派股权登记日登记的总,pending,candidate_from_front_matter
1219840458,外高桥,financial,ok,1,"七、 近三年主要会计数据和财务指标 (一) 主要会计数据 单位：元币种：人民币 主要会计数据 2023年 2022年 本期比 上年同 期增减 (%) 2021年 营业收入 1,632,029,212.32 1,637,572,788.44 ",pending,candidate_from_heading
1219840458,外高桥,liquidity_risk,wrong_section,1, 持续推进干部年轻化，适应市场变化  指导外设机构管理提升，贯彻落实“一个中心、三个统一”  推进制度建设，形成可复制推广管理模式 (四)可能面对的风险 √适用 □不适用 1、全球经济发展高度不确定的风险 国际货币基金组织（IMF）于,pending,candidate_from_heading; lacks_liquidity_context
1223283699,外高桥,dividend,ok,1,"四、公司负责人俞勇、主管会计工作负责人吕军及会计机构负责人（会计主管人员）曾暹豪声明： 保证年度报告中财务报告的真实、准确、完整。 五、董事会决议通过的本报告期利润分配预案或公积金转增股本预案 截至2024年12月31日，公司总股本1,13",pending,candidate_from_front_matter
1223283699,外高桥,financial,ok,1,"七、 近三年主要会计数据和财务指标 (一) 主要会计数据 单位：元 币种：人民币 主要会计数 据 2024年 2023年 本期比 上年同 期增减 (%) 2022年 调整后 调整前 调整后 调整前 营业收入 7,101,693,037.22",pending,candidate_from_heading
1223283699,外高桥,liquidity_risk,ok,1,"2 上海 工业仓储物业 3,045,889.80 141,616.10 100 否 0 3 启东 办公商业物业 15,091.11 513.84 100 否 0 4 启东 工业仓储物业 35,989.81 657.89 100 否 0 5、",pending,candidate_from_heading
1209438821,城投控股,dividend,ok,1,四、 公司负责人戴光铭、主管会计工作负责人陈晓波、财务总监邓莹及会计机构负责人（会计主 管人员）唐啸戈声明：保证年度报告中财务报告的真实、准确、完整。 五、 经董事会审议的报告期利润分配预案或公积金转增股本预案 经审计，城投控股母公司202,pending,candidate_from_front_matter
1209438821,城投控股,financial,ok,1,"七、 近三年主要会计数据和财务指标 (一) 主要会计数据 单位：元 币种：人民币 主要会计数据 2020年 2019年 本期比上 年同期增 减(%) 2018年 调整后 调整前 营业收入 6,564,925,812.72 3,643,588",pending,candidate_from_heading
1209438821,城投控股,liquidity_risk,ok,1,"6 杨浦 新江湾城C4 商业 12,341.32 845 100 否 不适用 7 杨浦 湾谷科技园一期 商业、办公楼 10,715.82 300 60 否 不适用 8 杨浦 城投宽庭·湾谷社区 长租公寓 45,869 2,171 60 否 ",pending,candidate_from_heading
1212687124,城投控股,dividend,ok,1,四、 公司负责人陈晓波、主管会计工作负责人张辰、财务总监吴春及会计机构负责人（会计主管 人员）唐啸戈声明：保证年度报告中财务报告的真实、准确、完整。 五、 董事会决议通过的本报告期利润分配预案或公积金转增股本预案 经审计，城投控股母公司 2,pending,candidate_from_front_matter
1212687124,城投控股,financial,ok,1,"七、 近三年主要会计数据和财务指标 (一) 主要会计数据 单位：元 币种：人民币 主要会计数据 2021年 2020年 本期比上年 同期增减 (%) 2019年 调整后 调整前 调整后 调整前 营业收入 9,193,004,446.83 6",pending,candidate_from_heading
1212687124,城投控股,liquidity_risk,ok,1,"<!-- page 22 --> 2021 年年度报告 22 / 185 5. 报告期内公司财务融资情况 √适用 □不适用 单位：万元 币种：人民币 期末融资总额 整体平均融资成本(%) 利息资本化金额 3,117,491.73 4.72 ",pending,candidate_from_heading
1216220009,城投控股,dividend,ok,1,四、 公司负责人陈晓波、主管会计工作负责人张辰、财务总监吴春及会计机构负责人（会计主管 人员）唐啸戈声明：保证年度报告中财务报告的真实、准确、完整。 五、 董事会决议通过的本报告期利润分配预案或公积金转增股本预案 经审计，城投控股母公司20,pending,candidate_from_front_matter
1216220009,城投控股,financial,ok,1,"七、 近三年主要会计数据和财务指标 (一) 主要会计数据 单位：元 币种：人民币 主要会计数据 2022年 2021年 本期比上年同期 增减(%) 2020年 营业收入 8,468,142,356.08 9,193,004,446.83 -",pending,candidate_from_heading
1216220009,城投控股,liquidity_risk,ok,1,"8 杨浦 城投宽庭·湾谷社区 长租公寓 45,870 5,087 96 否 不适用 9 杨浦 城投宽庭·江湾社区 长租公寓 79,997 13 100 否 不适用 注：城投控股大厦租金收入包含合并范围内母公司与子公司之间的内部租赁收入670",pending,candidate_from_heading
1219469544,城投控股,dividend,ok,1,四、 公司负责人张辰 、主管会计工作负责人任志坚 、财务总监吴春及会计机构负责人（会计主 管人员）唐啸戈声明：保证年度报告中财务报告的真实、准确、完整。 五、 董事会决议通过的本报告期利润分配预案或公积金转增股本预案 经审计，城投控股母公司,pending,candidate_from_front_matter
1219469544,城投控股,financial,ok,1,"七、 近三年主要会计数据和财务指标 (一) 主要会计数据 单位：元 币种：人民币 主要会计数据 2023年 2022年 本期比上年 同期增减 (%) 2021年 调整后 调整前 调整后 调整前 营业收入 2,558,963,969.95 8",pending,candidate_from_heading
1219469544,城投控股,liquidity_risk,ok,1,"<!-- page 21 --> 2023 年年度报告 21 / 219 5. 报告期内公司财务融资情况 √适用 □不适用 单位：万元 币种：人民币 期末融资总额 整体平均融资成本(%) 利息资本化金额 4,136,553 4.17 128",pending,candidate_from_heading
1222949865,城投控股,dividend,ok,1,四、 公司负责人张辰、主管会计工作负责人任志坚、财务总监吴春及会计机构负责人（会计主管 人员）伍捷声明：保证年度报告中财务报告的真实、准确、完整。 五、 董事会决议通过的本报告期利润分配预案或公积金转增股本预案 经审计，城投控股母公司 20,pending,candidate_from_front_matter
1222949865,城投控股,financial,ok,1,"七、 近三年主要会计数据和财务指标 (一) 主要会计数据 单位：元 币种：人民币 主要会计数据 2024年 2023年 本期比上 年同期增 减(%) 2022年 调整后 调整前 营业收入 9,432,295,856.58 2,558,963",pending,candidate_from_heading
1222949865,城投控股,liquidity_risk,ok,1,"10 上海市闵行区 城投宽庭·浦江社区 长租公寓 163,867 12,216 100 否 不适用 11 上海市闵行区 城投宽庭·九星社区 长租公寓 89,913 2,983 55 否 不适用 12 上海市松江区 尚云里公寓 长租公寓 12",pending,candidate_from_heading
1209465365,信达地产,dividend,ok,1,四、 公司负责人赵立民、主管会计工作负责人张宁及会计机构负责人（财务总监）周慧芬声明： 保证年度报告中财务报告的真实、准确、完整。 五、 经董事会审议的报告期利润分配预案或公积金转增股本预案 经安永华明会计师事务所（特殊普通合伙）审计，公司,pending,candidate_from_front_matter
1209465365,信达地产,financial,ok,1,"七、 近三年主要会计数据和财务指标 (一)主要会计数据 单位：元 币种：人民币 主要会计数据 2020年 2019年 本期比上 年同期增 减(%) 2018年 营业收入 25,863,802,943.66 19,478,393,074.75",pending,candidate_from_heading
1209465365,信达地产,liquidity_risk,ok,1,电影院等高度依赖客流的行业受疫情影响较大，加上网络购物的分流，导致商业营业用房销售下 降。国家统计局数据显示，2020 年，办公楼销售面积下降10.4%，销售额下降5.3%；商业营业用 房销售面积下降 8.7%，销售额下降 11.2%。 在,pending,candidate_from_heading
1212728709,信达地产,dividend,ok,1,四、 公司负责人郭伟、主管会计工作负责人（财务总监）周慧芬及会计机构负责人（财务管理中 心总经理）王琦声明：保证年度报告中财务报告的真实、准确、完整。 五、 董事会决议通过的本报告期利润分配预案或公积金转增股本预案 经安永华明会计师事务所（,pending,candidate_from_front_matter
1212728709,信达地产,financial,ok,1,"七、 近三年主要会计数据和财务指标 (一) 主要会计数据 单位：元 币种：人民币 主要会计数据 2021年 2020年 本期比 上年同 期增减 (%) 2019年 营业收入 22,105,282,753.10 25,863,802,943.",pending,candidate_from_heading
1212728709,信达地产,liquidity_risk,ok,1,"<!-- page 31 --> 2021 年年度报告 31 / 212 5. 报告期内公司财务融资情况 √适用 □不适用 单位：万元 币种：人民币 期末融资总额 整体平均融资成本(%) 利息资本化金额 3,300,557.18 5.44 ",pending,candidate_from_heading
1216245554,信达地产,dividend,ok,1,四、 公司负责人郭伟、主管会计工作负责人（财务总监）周慧芬及会计机构负责人（财务管理中 心总经理）王琦声明：保证年度报告中财务报告的真实、准确、完整。 五、 董事会决议通过的本报告期利润分配预案或公积金转增股本预案 经公司董事会审议通过，公,pending,candidate_from_front_matter
1216245554,信达地产,financial,ok,1,"七、 近三年主要会计数据和财务指标 (一) 主要会计数据 单位：元 币种：人民币 主要会计数据 2022年 2021年 本期比 上年同 期增减 (%) 2020年 营业收入 18,248,095,457.18 22,105,282,753.",pending,candidate_from_heading
1216245554,信达地产,liquidity_risk,ok,1,"35 乌鲁木齐 信达雅山新天地幼儿园 幼儿园 2,750.03 2,750.03 2,750.03 35.71 100 否 36 乌鲁木齐 友好花园住宅 住宅 104.30 104.30 104.30 0.96 100 否 合计 476,1",pending,candidate_from_heading
1219412328,信达地产,dividend,ok,1,四、 公司负责人郭伟、主管会计工作负责人（财务总监）周慧芬及会计机构负责人（财务管理中 心总经理）王琦声明：保证年度报告中财务报告的真实、准确、完整。 五、 董事会决议通过的本报告期利润分配预案或公积金转增股本预案 综合考虑公司实际经营状况,pending,candidate_from_front_matter
1219412328,信达地产,financial,ok,1,"七、 近三年主要会计数据和财务指标 (一) 主要会计数据 单位：元 币种：人民币 主要会计数据 2023年 2022年 本期比上年同期 增减(%) 2021年 营业收入 11,420,073,314.21 18,248,095,457.18",pending,candidate_from_heading
1219412328,信达地产,liquidity_risk,wrong_section,1,"<!-- page 26 --> 2023 年年度报告 26/206 5. 报告期内公司财务融资情况 √适用 □不适用 单位：万元 币种：人民币 期末融资总额 整体平均融资成本(%) 利息资本化金额 3,311,347.96 4.63 70",pending,candidate_from_heading; lacks_liquidity_context
1223073009,信达地产,dividend,ok,1,四、公司负责人邓立新、主管会计工作负责人（财务总监）周慧芬及会计机构负责人（计划财务 部总经理）王琦声明：保证年度报告中财务报告的真实、准确、完整。 五、董事会决议通过的本报告期利润分配预案或公积金转增股本预案 综合考虑公司实际经营状况及未,pending,candidate_from_front_matter
1223073009,信达地产,financial,ok,1,"七、 近三年主要会计数据和财务指标 (一) 主要会计数据 单位：元 币种：人民币 主要会计数据 2024年 2023年 本期比上年 同期增减(%) 2022年 营业收入 8,028,417,979.54 11,420,073,314.21 ",pending,candidate_from_heading
1223073009,信达地产,liquidity_risk,ok,1,"44 乌鲁 木齐 友好花园住宅 住宅 104.3 104.3 104.3 0.91 100 否 不适用 合计 606,119.06 477,655.51 328,187.59 16,189.83 5、 报告期内公司财务融资情况 √适用 □不",pending,candidate_from_heading
1209768898,电子城,dividend,ok,1,"四、 公司负责人王岩、 主管会计工作负责人丁一及会计机构负责人 （会计主管人员）叶晓容声明： 保证年度报告中财务报告的真实、准确、完整。 五、 经董事会审议的报告期利润分配预案或公积金转增股本预案 以2020年12月31日总股本1,118,",pending,candidate_from_front_matter
1209768898,电子城,financial,ok,1,"七、 近三年主要会计数据和财务指标 (一) 主要会计数据 单位：元 币种：人民币 主要会计数据 2020年 2019年 本期比上 年同期增 减(%) 2018年 营业收入 3,770,452,733.33 1,824,873,688.51 ",pending,candidate_from_heading
1209768898,电子城,liquidity_risk,ok,1,"外股权投资的议案》。为深化实施科技服务战略转型，打造电子城高科独具特色的科技服务产业 体系，同意电子城高科通过收购及增资的方式，以自有资金9,333.36万元取得知鱼智联科技（福 建）有限公司40.00%股权；并通过法人治理结构上的安排，满",pending,candidate_from_heading
1212974325,电子城,dividend,ok,1,"四、 公司负责人潘金峰、主管会计工作负责人朱卫荣及会计机构负责人（会计主管人员）叶晓容 声明：保证年度报告中财务报告的真实、准确、完整。 五、 董事会决议通过的本报告期利润分配预案或公积金转增股本预案 以2021年12月31日总股本1,11",pending,candidate_from_front_matter
1212974325,电子城,financial,ok,1,"七、 近三年主要会计数据和财务指标 (一) 主要会计数据 单位：元 币种：人民币 主要会计数据 2021年 2020年 本期比 上年同 期增减 (%) 2019年 营业收入 1,964,529,765.67 3,770,452,733.33",pending,candidate_from_heading
1212974325,电子城,liquidity_risk,ok,1,"子公司北京金龙大厦有限公司进行增资的议案》，金龙公司原注册资本为10,000万元人民币，各 股东按出资比例以货币出资方式增资9,500万元人民币（北京电控现金出资8,075万元，电子城 有限现金出资1,425万元），注册资本增加至19,50",pending,candidate_from_heading
1216492720,电子城,dividend,ok,1,"四、 公司负责人潘金峰、主管会计工作负责人朱卫荣及会计机构负责人（会计主管人员）叶晓容 声明：保证年度报告中财务报告的真实、准确、完整。 五、 董事会决议通过的本报告期利润分配预案或公积金转增股本预案 以2022年12月31日总股本1,11",pending,candidate_from_front_matter
1216492720,电子城,financial,ok,1,"七、 近三年主要会计数据和财务指标 (一) 主要会计数据 单位：元 币种：人民币 主要会计数据 2022年 2021年 本期比上 年同期增 减(%) 2020年 营业收入 5,149,674,467.61 1,964,529,765.67 ",pending,candidate_from_heading
1216492720,电子城,liquidity_risk,ok,1,10 / 211 降本增效：持续推动落实“三降一减一提升”专项行动，资产负债率较年初下降3.57个百分 点；成功注册20亿元超短融和15亿元中期票据，年度平均融资成本由4.45%降至 3.88%。 风险管理：坚持底线思维，不断优化健全内控管,pending,candidate_from_heading
1219910873,电子城,dividend,ok,1,四、 公司负责人齐战勇、主管会计工作负责人朱卫荣及会计机构负责人（会计主管人员）孙明兰 声明：保证年度报告中财务报告的真实、准确、完整。 五、 董事会决议通过的本报告期利润分配预案或公积金转增股本预案 经天职国际会计师事务所（特殊普通合伙）,pending,candidate_from_front_matter
1219910873,电子城,financial,ok,1,"七、 近三年主要会计数据和财务指标 (一) 主要会计数据 单位：元 币种：人民币 主要会计数据 2023年 2022年 本期比 上年同 期增减 (%) 2021年 营业收入 2,820,995,032.05 5,149,674,467.61",pending,candidate_from_heading
1219910873,电子城,liquidity_risk,ok,1,"要，参股公司控股股东北京电控“基于产业和城市数字化的北京数字经济算力中心项目”设立的 北京电子数智科技有限责任公司，注册资本为35,000万元，知鱼智联以自有资金投资1,750万 元，股权占比5%。 （三）融资情况 2023年，公司根据市场",pending,candidate_from_heading
1223318757,电子城,dividend,ok,1,四、公司负责人齐战勇、主管会计工作负责人朱卫荣及会计机构负责人（会计主管人员）丁谦 声明：保证年度报告中财务报告的真实、准确、完整。 五、 董事会决议通过的本报告期利润分配预案或公积金转增股本预案 经天职国际会计师事务所（特殊普通合伙）审计,pending,candidate_from_front_matter
1223318757,电子城,financial,ok,1,"七、 近三年主要会计数据和财务指标 (一) 主要会计数据 单位：元 币种：人民币 主要会计数据 2024年 2023年 本期比上 年同期增 减(%) 2022年 营业收入 2,111,518,733.33 2,820,995,032.05 ",pending,candidate_from_heading
1223318757,电子城,liquidity_risk,ok,1,<!-- page 11 --> 北京电子城高科技集团股份有限公司2024 年年度报告 11 / 219 （三）融资情况 2024 年，公司根据市场情况，合理安排债务融资规模和创新融资方式，拓宽融资渠道。开展 基础设施公募 REITs 发行,pending,candidate_from_heading
1209488661,陆家嘴,dividend,ok,1,二、 公司全体董事出席董事会会议。 三、 普华永道中天会计师事务所 （特殊普通合伙）为本公司出具了标准无保留意见的 审计报告。 四、 公司负责人李晋昭、 主管会计工作负责人胡习及会计机构负责人 （会计主管人员） 丁瑜声明：保证年度报告中财务,pending,candidate_from_heading
1209488661,陆家嘴,financial,ok,1,"七、 近三年主要会计数据和财务指标 (一) 主要会计数据 单位：元 币种：人民币 主要会计数据 2020年 2019年 本期比上年 同期增减 (%) 2018年 营业收入 14,474,727,209.98 14,772,938,775.5",pending,candidate_from_heading
1209488661,陆家嘴,liquidity_risk,wrong_section,1,√适用 □不适用 本报告内涉及对未来的计划等前瞻性陈述，不构成公司对投资者的实质性承诺， 请投资者注意投资风险。 七、 是否存在被控股股东及其关联方非经营性占用资金情况 否 八、 是否存在违反规定决策程序对外提供担保的情况 否 九、 是否存,pending,candidate_from_heading; lacks_liquidity_context
1212740393,陆家嘴,dividend,ok,1,二、 公司全体董事出席董事会会议。 三、 普华永道中天会计师事务所（特殊普通合伙）为本公司出具了标准无保留意见的审计报 告。 四、 公司负责人徐而进（代行董事长职责）、主管会计工作负责人周卉及会计机构负责人（会计 主管人员）丁瑜声明：保证年,pending,candidate_from_heading
1212740393,陆家嘴,financial,ok,1,"七、 近三年主要会计数据和财务指标 (一) 主要会计数据 单位：元 币种：人民币 主要会计数据 2021年 2020年 本期比上年 同期增减 (%) 2019年 营业收入 13,872,042,791.75 14,474,727,209.9",pending,candidate_from_heading
1212740393,陆家嘴,liquidity_risk,wrong_section,1,√适用 □不适用 本报告内涉及对未来的计划等前瞻性陈述，不构成公司对投资者的实质性承诺，请投资者注 意投资风险。 七、 是否存在被控股股东及其关联方非经营性占用资金情况 否 八、 是否存在违反规定决策程序对外提供担保的情况 否 九、 是否存,pending,candidate_from_heading; lacks_liquidity_context
1216273292,陆家嘴,dividend,ok,1,二、 公司全体董事出席董事会会议。 三、 普华永道中天会计师事务所（特殊普通合伙）为本公司出具了标准无保留意见的 审计报告。 四、 公司负责人徐而进、 主管会计工作负责人周卉及会计机构负责人 （会计主管人员） 丁瑜声明：保证年度报告中财务报,pending,candidate_from_heading
1216273292,陆家嘴,financial,ok,1,"七、 近三年主要会计数据和财务指标 (一) 主要会计数据 单位：元 币种：人民币 主要会计数据 2022年 2021年 本期比上年 同期增减 (%) 2020年 营业收入 11,762,302,453.18 13,872,042,791.7",pending,candidate_from_heading
1216273292,陆家嘴,liquidity_risk,ok,1,√适用 □不适用 本报告内涉及对未来的计划等前瞻性陈述，不构成公司对投资者的实质性承诺，请 投资者注意投资风险。 七、 是否存在被控股股东及其他关联方非经营性占用资金情况 否 八、 是否存在违反规定决策程序对外提供担保的情况 否 九、 是否,pending,candidate_from_heading
1222823303,陆家嘴,dividend,ok,1,二、公司全体董事出席董事会会议。 三、普华永道中天会计师事务所（特殊普通合伙）为本公司出具了标准无保留意见 的审计报告。 四、公司负责人徐而进、主管会计工作负责人周卉及会计机构负责人（会计主管人员） 丁瑜声明：保证年度报告中财务报告的真实、,pending,candidate_from_heading
1222823303,陆家嘴,financial,ok,1,"七、 近三年主要会计数据和财务指标 (一) 主要会计数据 单位：元币种：人民币 主要会计数据 2023年 2022年 本期比上 年同期增 减(%) 2021年 调整后 调整前 营业收入 10,667,009,242.46 11,754,69",pending,candidate_from_heading
1222823303,陆家嘴,liquidity_risk,ok,1,√适用 □不适用 本报告内涉及对未来的计划等前瞻性陈述，不构成公司对投资者的实质性承诺，请投 资者注意投资风险。 七、是否存在被控股股东及其他关联方非经营性占用资金情况 否 八、是否存在违反规定决策程序对外提供担保的情况 否 九、是否存在半,pending,candidate_from_heading
1223218010,陆家嘴,dividend,ok,1,完整性，不存在虚假记载、误导性陈述或重大遗漏，并承担个别和连带的法律责任。 二、公司全体董事出席董事会会议。 三、普华永道中天会计师事务所（特殊普通合伙）为本公司出具了标准无保留意见的审计报告。 四、公司负责人徐而进、主管会计工作负责人周卉,pending,candidate_from_heading
1223218010,陆家嘴,financial,ok,1,"七、 近三年主要会计数据和财务指标 (一) 主要会计数据 单位：元币种：人民币 主要会计数据 2024年 2023年 本期比上年同期增 减（%） 2022年 调整后 调整前 营业收入 14,650,978,489.57 11,005,931",pending,candidate_from_heading
1223218010,陆家嘴,liquidity_risk,ok,1,√适用 □不适用 本报告内涉及对未来的计划等前瞻性陈述，不构成公司对投资者的实质性承诺，请投资者注意投 资风险。 七、是否存在被控股股东及其他关联方非经营性占用资金情况 否 八、是否存在违反规定决策程序对外提供担保的情况 否 九、是否存在半,pending,candidate_from_heading
1209833820,天地源,dividend,ok,1,四、 公司负责人袁旺家、主管会计工作负责人王涛及会计机构负责人（会计主管人员）王乃斌声 明：保证年度报告中财务报告的真实、准确、完整。 五、 经董事会审议的报告期利润分配预案或公积金转增股本预案 2020 年度公司实现归属股东的净利润328,pending,candidate_from_front_matter
1209833820,天地源,financial,ok,1,"七、 近三年主要会计数据和财务指标 (一) 主要会计数据 单位：元 币种：人民币 主要会计数据 2020年 2019年 本期比上 年同期增 减(%) 2018年 营业收入 5,303,654,893.66 5,591,345,602.68 ",pending,candidate_from_heading
1209833820,天地源,liquidity_risk,ok,1,8 苏州市工业园区 水墨三十度 商铺 31.20 2.32 100.00 否 9 苏州市工业园区 七里香都 车库 250.00 68.39 100.00 否 10 深圳市福田区 盛唐大厦 车库 285.00 202.80 100.00 否 ,pending,candidate_from_heading
1212854184,天地源,dividend,ok,1,四、 公司负责人袁旺家、 主管会计工作负责人王涛及会计机构负责人 （会计主管人员）于凌声明： 保证年度报告中财务报告的真实、准确、完整。 五、 董事会决议通过的本报告期利润分配预案或公积金转增股本预案 2021年度公司实现归属股东的净利润3,pending,candidate_from_front_matter
1212854184,天地源,financial,ok,1,"七、 近三年主要会计数据和财务指标 (一) 主要会计数据 单位：元 币种：人民币 主要会计数据 2021年 2020年 本期比 上年同 期增减 (%) 2019年 营业收入 6,941,947,174.46 5,303,654,893.66",pending,candidate_from_heading
1212854184,天地源,liquidity_risk,ok,1,10 苏州 水墨三十度 商铺 31.20 2.32 100.00 否 11 苏州 七里香都 车库 198.00 54.45 100.00 否 12 深圳 盛唐大厦 车库 285.00 240.03 100.00 否 5. 报告期内公司财务融,pending,candidate_from_heading
1216094888,天地源,dividend,ok,1,四、 公司负责人袁旺家、 主管会计工作负责人王涛及会计机构负责人 （会计主管人员）于凌声明： 保证年度报告中财务报告的真实、准确、完整。 五、 董事会决议通过的本报告期利润分配预案或公积金转增股本预案 2022年度公司实现归属股东的净利润为,pending,candidate_from_front_matter
1216094888,天地源,financial,ok,1,"七、 近三年主要会计数据和财务指标 (一) 主要会计数据 单位：元 币种：人民币 主要会计数据 2022年 2021年 本期比上年同期 增减(%) 2020年 营业收入 10,552,345,745.98 6,941,947,174.46 ",pending,candidate_from_heading
1216094888,天地源,liquidity_risk,ok,1,四是加强内部管理。 强化刚性考核， 修订 《绩效考核实施细则》 ， 激发员工干事创业积极性。 修订、制定《授权管理手册》等多项制度，开展执行情况的监督检查，增强制度落实成效。强化 公司治理，修订《公司章程》等10 项治理规则，进一步提升公司,pending,candidate_from_heading
1219907193,天地源,dividend,ok,1,四、 公司负责人袁旺家、 主管会计工作负责人王涛及会计机构负责人 （会计主管人员）于凌声明： 保证年度报告中财务报告的真实、准确、完整。 五、 董事会决议通过的本报告期利润分配预案或公积金转增股本预案 公司2023年度拟不进行利润分配，也不,pending,candidate_from_front_matter
1219907193,天地源,financial,ok,1,"七、 近三年主要会计数据和财务指标 (一) 主要会计数据 单位：元 币种：人民币 主要会计数据 2023年 2022年 本期比 上年同 期增减 (%) 2021年 调整后 调整前 调整后 调整前 营业收入 11,525,976,963.46",pending,candidate_from_heading
1219907193,天地源,liquidity_risk,ok,1,"11 深圳 盛唐大厦 写字楼 1,577.65 142.88 100 否 12 深圳 盛唐大厦 商铺 20.47 5.46 100 否 13 珠海 上唐府 商铺 415.37 9.09 100 否 5. 报告期内公司财务融资情况 √适用 □",pending,candidate_from_heading
1223426241,天地源,dividend,ok,1,四、公司负责人赵冀、主管会计工作负责人王涛及会计机构负责人（会计主管人员）于凌声明： 保证年度报告中财务报告的真实、准确、完整。 五、董事会决议通过的本报告期利润分配预案或公积金转增股本预案 公司2024年度拟不进行利润分配，也不送红股、不,pending,candidate_from_front_matter
1223426241,天地源,financial,ok,1,"七、 近三年主要会计数据和财务指标 (一) 主要会计数据 单位：元 币种：人民币 主要会计数 据 2024年 2023年 本期比 上年同 期增减 (%) 2022年 调整后 调整前 营业收入 10,743,433,252.57 11,525",pending,candidate_from_heading
1223426241,天地源,liquidity_risk,ok,1,"16 珠海 上唐府 商铺 632.23 32.79 100 否 17 天津 熙樾台 商铺 249.08 5.26 100 否 18 重庆 水墨江山 公寓 11,398.97 95.57 100 否 5、 报告期内公司财务融资情况 √适用 □",pending,candidate_from_heading
1212671221,中华企业,dividend,ok,1,四、 公司负责人李钟、 主管会计工作负责人冯晓明及会计机构负责人 （会计主管人员）孙婷声明： 保证年度报告中财务报告的真实、准确、完整。 五、 董事会决议通过的本报告期利润分配预案或公积金转增股本预案 2022年3月23日，经公司董事会审议,pending,candidate_from_front_matter
1212671221,中华企业,financial,ok,1,"七、 近三年主要会计数据和财务指标 (一) 主要会计数据 单位：元 币种：人民币 主要会计数据 2021年 2020年 本期 比上 年同 期增 减(%) 2019年 营业收入 9,596,898,644.26 11,552,089,317.",pending,candidate_from_heading
1212671221,中华企业,liquidity_risk,ok,1,"总 - - 22,551.02 - 否 不适用 合 计 - - - 421,346.99 60,409.07 - - 5. 报告期内公司财务融资情况 √适用 □不适用 单位：亿元 币种：人民币 期末融资总额 整体平均融资成本(%) 利息资本",pending,candidate_from_heading
1216259939,中华企业,dividend,ok,1,四、 公司负责人李钟、主管会计工作负责人顾昕及会计机构负责人（会计主管人员） 孙婷声明： 保证年度报告中财务报告的真实、准确、完整。 五、 董事会决议通过的本报告期利润分配预案或公积金转增股本预案 公司2022年度拟以实施权益分派股权登记日,pending,candidate_from_front_matter
1216259939,中华企业,financial,ok,1,"七、 近三年主要会计数据和财务指标 (一) 主要会计数据 单位：元 币种：人民币 主要会计数据 2022年 2021年 本期比 上年同 期增减 (%) 2020年 营业收入 2,601,349,489.29 9,596,898,644.26",pending,candidate_from_heading
1216259939,中华企业,liquidity_risk,wrong_section,1,"物业 - - 19,033.93 否 不适用 合 计 - 368,390.26 48,050.02 5. 报告期内公司财务融资情况 √适用 □不适用 单位：亿元 币种：人民币 期末融资总额 整体平均融资成本(%) 利息资本化金额 211.3",pending,candidate_from_heading; lacks_liquidity_context
1219650634,中华企业,dividend,ok,1,四、 公司负责人李钟、主管会计工作负责人顾昕及会计机构负责人（会计主管人员） 孙婷声明： 保证年度报告中财务报告的真实、准确、完整。 五、 董事会决议通过的本报告期利润分配预案或公积金转增股本预案 公司 2023 年度拟以实施权益分派股权登,pending,candidate_from_front_matter
1219650634,中华企业,financial,ok,1,"七、 近三年主要会计数据和财务指标 (一) 主要会计数据 单位：元 币种：人民币 主要 会计 数据 2023年 2022年 本期 比上 年同 期增 减 (%) 2021年 调整后 调整前 调整后 调整前 营业 收入 13,187,448,2",pending,candidate_from_heading
1219650634,中华企业,liquidity_risk,ok,1,"大厦 办公、商 业 19,593.57 1,994.13 100 否 不适用 5. 报告期内公司财务融资情况 √适用 □不适用 单位：亿元 币种：人民币 期末融资总额 整体平均融资成本(%) 利息资本化金额 237.96 4.34 2.30",pending,candidate_from_heading
1223113350,中华企业,dividend,ok,1,四、公司负责人李钟、主管会计工作负责人顾昕及会计机构负责人（会计主管人员）孙婷声明： 保证年度报告中财务报告的真实、准确、完整。 五、 董事会决议通过的本报告期利润分配预案或公积金转增股本预案 公司 2024年度拟不进行现金分红，不送红股，,pending,candidate_from_front_matter
1223113350,中华企业,financial,ok,1,"七、 近三年主要会计数据和财务指标 (一) 主要会计数据 单位：元 币种：人民币 主要会计数据 2024年 2023年 本期比上年 同期增减 (%) 2022年 营业收入 6,958,965,588.61 13,187,448,289.13",pending,candidate_from_heading
1223113350,中华企业,liquidity_risk,ok,1,<!-- page 20 --> 中华企业股份有限公司2024 年年度报告 20 / 252 5、 报告期内公司财务融资情况 √适用 □不适用 单位：亿元 币种：人民币 期末融资总额 整体平均融资成本(%) 利息资本化金额 222.82 3,pending,candidate_from_heading
1209681108,京投发展,dividend,ok,1,四、 公司负责人魏怡、主管会计工作负责人贾卫平及会计机构负责人（会计主管人员）谢雪林声 明：保证年度报告中财务报告的真实、准确、完整。 五、 经董事会审议的报告期利润分配预案或公积金转增股本预案 经天职国际会计师事务所（特殊普通合伙）审计，,pending,candidate_from_front_matter
1209681108,京投发展,financial,ok,1,"七、 近三年主要会计数据和财务指标 (一) 主要会计数据 单位：元 币种：人民币 主要会计数据 2020年 2019年 本期比上年同 期增减(%) 2018年 营业收入 8,864,424,166.23 4,327,692,677.72 1",pending,candidate_from_heading
1209681108,京投发展,liquidity_risk,ok,1,"24 / 209 4. 报告期内房地产出租情况 □适用 √不适用 5. 报告期内公司财务融资情况 √适用 □不适用 单位：万元 币种：人民币 期末融资总额 整体平均融资成本(%) 利息资本化金额 2,640,527.37 7.54 173,",pending,candidate_from_heading
1212897448,京投发展,dividend,ok,1,四、 公司负责人魏怡、主管会计工作负责人张雨来及会计机构负责人（会计主管人员）谢雪林声 明：保证年度报告中财务报告的真实、准确、完整。 五、 董事会决议通过的本报告期利润分配预案或公积金转增股本预案 经天职国际会计师事务所（特殊普通合伙）审,pending,candidate_from_front_matter
1212897448,京投发展,financial,ok,1,"七、 近三年主要会计数据和财务指标 (一) 主要会计数据 单位：元 币种：人民币 主要会计数据 2021年 2020年 本期比 上年同 期增减 (%) 2019年 营业收入 6,765,910,302.79 8,864,424,166.23",pending,candidate_from_heading
1212897448,京投发展,liquidity_risk,ok,1,"25 / 235 4. 报告期内房地产出租情况 □适用 √不适用 5. 报告期内公司财务融资情况 √适用 □不适用 单位：万元 币种：人民币 期末融资总额 整体平均融资成本(%) 利息资本化金额 1,676,493.09 6.71 99,8",pending,candidate_from_heading
1216235519,京投发展,dividend,ok,1,四、 公司负责人魏怡、主管会计工作负责人张雨来及会计机构负责人（会计主管人员）谢雪林声 明：保证年度报告中财务报告的真实、准确、完整。 五、 董事会决议通过的本报告期利润分配预案或公积金转增股本预案 经天职国际会计师事务所（特殊普通合伙）审,pending,candidate_from_front_matter
1216235519,京投发展,financial,ok,1,"七、 近三年主要会计数据和财务指标 (一) 主要会计数据 单位：元 币种：人民币 主要会计数据 2022年 2021年 本期比上年 同期增减(%) 2020年 营业收入 5,552,378,113.60 6,765,910,302.79 -",pending,candidate_from_heading
1216235519,京投发展,liquidity_risk,ok,1,"24 / 222 4. 报告期内房地产出租情况 □适用 √不适用 5. 报告期内公司财务融资情况 √适用 □不适用 单位：万元 币种：人民币 期末融资总额 整体平均融资成本(%) 利息资本化金额 2,529,560.73 5.90 107,",pending,candidate_from_heading
1219493208,京投发展,dividend,ok,1,四、 公司负责人孔令洋、主管会计工作负责人张雨来及会计机构负责人（会计主管人员）谢雪林 声明：保证年度报告中财务报告的真实、准确、完整。 五、 董事会决议通过的本报告期利润分配预案或公积金转增股本预案 公司于2024年3月29日召开第十一届,pending,candidate_from_front_matter
1219493208,京投发展,financial,ok,1,"七、 近三年主要会计数据和财务指标 (一) 主要会计数据 单位：元 币种：人民币 主要会计数据 2023年 2022年 本期比上年同期 增减(%) 2021年 调整后 调整前 调整后 调整前 营业收入 10,641,128,429.34 5",pending,candidate_from_heading
1219493208,京投发展,liquidity_risk,ok,1,"<!-- page 27 --> 2023 年年度报告 27 / 250 5. 报告期内公司财务融资情况 √适用 □不适用 单位：万元 币种：人民币 期末融资总额 整体平均融资成本(%) 利息资本化金额 3,832,089.29 5.75 ",pending,candidate_from_heading
1222992709,京投发展,dividend,ok,1,四、 公司负责人孔令洋、主管会计工作负责人张雨来及会计机构负责人（会计主管人员）谢雪林 声明：保证年度报告中财务报告的真实、准确、完整。 五、 董事会决议通过的本报告期利润分配预案或公积金转增股本预案 公司于2025年3月28日召开第十二届,pending,candidate_from_front_matter
1222992709,京投发展,financial,ok,1,"七、 近三年主要会计数据和财务指标 (一) 主要会计数据 单位：元 币种：人民币 主要会计数据 2024年 2023年 本期比上年 同期增减(%) 2022年 营业收入 1,416,612,564.62 10,641,128,429.34 ",pending,candidate_from_heading
1222992709,京投发展,liquidity_risk,ok,1,注：上述结转收入金额、结转面积、待结转面积包含联合营公司财务数据。 4、 报告期内房地产出租情况 □适用 √不适用 5、 报告期内公司财务融资情况 √适用 □不适用 单位：万元 币种：人民币 期末融资总额 整体平均融资成本(%) 利息资本化,pending,candidate_from_heading
1209879258,苏州高新,dividend,ok,1,四、 公司负责人王星、主管会计工作负责人屈晓云及会计机构负责人（会计主管人员）茅宜群声 明：保证年度报告中财务报告的真实、准确、完整。 五、 经董事会审议的报告期利润分配预案或公积金转增股本预案 本年度拟以实施权益分派股权登记日登记的总股本,pending,candidate_from_front_matter
1209879258,苏州高新,financial,ok,1,七、 近三年主要会计数据和财务指标 (一) 主要会计数据 单位：元币种：人民币 <!-- page 6 --> 2020 年年度报告 6 / 206 主要会计数据 2020年 2019年 本期比上 年同期增 减(%) 2018年 营业收入 ,pending,candidate_from_heading
1209879258,苏州高新,liquidity_risk,ok,1,"24 / 206 4. 报告期内房地产出租情况 √不适用 5. 报告期内公司财务融资情况 √适用 □不适用 单位：万元币种：人民币 期末融资总额 整体平均融资成本(%) 利息资本化金额 2,042,118.50 4.84 70,975.13",pending,candidate_from_heading
1213108822,苏州高新,dividend,ok,1,四、 公司负责人王平、主管会计工作负责人蔡金春及会计机构负责人（会计主管人员）茅宜群声 明：保证年度报告中财务报告的真实、准确、完整。 五、 董事会决议通过的本报告期利润分配预案或公积金转增股本预案 本年度拟以实施权益分派股权登记日登记的总,pending,candidate_from_front_matter
1213108822,苏州高新,financial,ok,1,七、 近三年主要会计数据和财务指标 (一) 主要会计数据 单位：元 币种：人民币 <!-- page 6 --> 2021 年年度报告 6 / 237 主要会计数据 2021年 2020年 本期比上 年同期增 减(%) 2019年 营业收入,pending,candidate_from_heading
1213108822,苏州高新,liquidity_risk,ok,1,"<!-- page 26 --> 2021 年年度报告 26 / 237 5. 报告期内公司财务融资情况 √适用 □不适用 单位：万元 币种：人民币 期末融资总额 整体平均融资成本(%) 利息资本化金额 2,580,745.27 4.60 ",pending,candidate_from_heading
1216705586,苏州高新,dividend,ok,1,四、 公司负责人王平、 主管会计工作负责人蔡金春及会计机构负责人 （会计主管人员）徐蓉声明： 保证年度报告中财务报告的真实、准确、完整。 五、 董事会决议通过的本报告期利润分配预案或公积金转增股本预案 本年度拟以实施权益分派股权登记日登记的,pending,candidate_from_front_matter
1216705586,苏州高新,financial,ok,1,七、 近三年主要会计数据和财务指标 (一) 主要会计数据 单位：元 币种：人民币 <!-- page 6 --> 2022 年年度报告 6 / 255 主要会计数据 2022年 2021年 本期比上 年同期增 减(%) 2020年 调整后 ,pending,candidate_from_heading
1216705586,苏州高新,liquidity_risk,ok,1,"金额827,938 万元，结转面积288,337 平方米，报告期末待结转面积632,914 平方米。 4. 报告期内房地产出租情况 □适用 √不适用 5. 报告期内公司财务融资情况 √适用 □不适用 单位：万元 币种：人民币 期末融资总额 ",pending,candidate_from_heading
1219876783,苏州高新,dividend,ok,1,四、 公司负责人王平、 主管会计工作负责人蔡金春及会计机构负责人 （会计主管人员）徐蓉声明： 保证年度报告中财务报告的真实、准确、完整。 五、 董事会决议通过的本报告期利润分配预案或公积金转增股本预案 本年度拟以实施权益分派股权登记日登记的,pending,candidate_from_front_matter
1219876783,苏州高新,financial,ok,1,"七、 近三年主要会计数据和财务指标 (一) 主要会计数据 单位：元币种：人民币 主要会计数 据 2023年 2022年 本期比 上年同 期增减 (%) 2021年 调整后 调整前 调整后 调整前 营业收入 7,814,376, 597.06",pending,candidate_from_heading
1219876783,苏州高新,liquidity_risk,ok,1,"金额578,656 万元，结转面积250,101 平方米，报告期末待结转面积580,154 平方米。 4. 报告期内房地产出租情况 □适用 √不适用 5. 报告期内公司财务融资情况 √适用 □不适用 单位：万元币种：人民币 期末融资总额 整",pending,candidate_from_heading
1223317086,苏州高新,dividend,ok,1,四、公司负责人王平、主管会计工作负责人蔡金春及会计机构负责人（会计主管人员）徐蓉声明： 保证年度报告中财务报告的真实、准确、完整。 五、董事会决议通过的本报告期利润分配预案或公积金转增股本预案 本年度拟以实施权益分派股权登记日登记的总股本为,pending,candidate_from_front_matter
1223317086,苏州高新,financial,ok,1,"七、 近三年主要会计数据和财务指标 (一) 主要会计数据 单位：元币种：人民币 主要会计数据 2024年 2023年 本期比上 年同期增 减(%) 2022年 调整后 调整前 营业收入 7,300,388,447 .57 7,814,376",pending,candidate_from_heading
1223317086,苏州高新,liquidity_risk,ok,1,"26 / 246 4、 报告期内房地产出租情况 □适用 √不适用 5、 报告期内公司财务融资情况 √适用 □不适用 单位：万元币种：人民币 期末融资总额 整体平均融资成本(%) 利息资本化金额 4,569,104.77 3.16 72,10",pending,candidate_from_heading
1209711003,华远地产,dividend,ok,1,四、 公司负责人王乐斌、 主管会计工作负责人靳慧玲及会计机构负责人 （会计主管 人员）许丽丽声明：保证年度报告中财务报告的真实、准确、完整。 五、 经董事会审议的报告期利润分配预案或公积金转增股本预案 公司拟定的2020年度利润分配预案为：,pending,candidate_from_front_matter
1209711003,华远地产,financial,ok,1,"七、 近三年主要会计数据和财务指标 (一) 主要会计数据 单位：万元 币种：人民币 主要会计数据 2020年 2019年 本期比上年同期 增减(%) 2018年 营业收入 773,070.17 742,175.03 4.16 683,135",pending,candidate_from_heading
1209711003,华远地产,liquidity_risk,wrong_section,1,2、北京华远企业中心商业、长沙会所等其他物业已于报告期内出售，其出租经营收入为报告期内于出售 前所得收入； 3、上述项目均采用成本计量模式。 5. 报告期内公司财务融资情况 √适用 □不适用 单位：万元 币种：人民币 期末融资总额 整体平均,pending,candidate_from_heading; lacks_liquidity_context
1212974730,华远地产,dividend,ok,1,四、 公司负责人王乐斌、主管会计工作负责人靳慧玲及会计机构负责人（会计主管人员）冀伟明 声明：保证年度报告中财务报告的真实、准确、完整。 五、 董事会决议通过的本报告期利润分配预案或公积金转增股本预案 根据立信会计师事务所（特殊普通合伙）出,pending,candidate_from_front_matter
1212974730,华远地产,financial,ok,1,"七、 近三年主要会计数据和财务指标 (一) 主要会计数据 单位：万元 币种：人民币 主要会计数据 2021年 2020年 本期比上年 同期增减 (%) 2019年 营业收入 1,369,332.37 773,070.17 77.13 742",pending,candidate_from_heading
1212974730,华远地产,liquidity_risk,ok,1,京宝隆大厦商铺于 2021 年 3 月售出， 其出租经营收入为售出前2021 年累计收入总额；③华中心T1 写字楼部分商 业于 2021 年 11 月销售，导致可出租和已出租面积均有减少；④华中心飞猫公社于 2021 年 12 月清退部分租,pending,candidate_from_heading
1216663767,华远地产,dividend,ok,1,四、 公司负责人王乐斌、主管会计工作负责人靳慧玲及会计机构负责人（会计主管人员）冀伟明声 明：保证年度报告中财务报告的真实、准确、完整。 五、 董事会决议通过的本报告期利润分配预案或公积金转增股本预案 根据立信会计师事务所（特殊普通合伙）出,pending,candidate_from_front_matter
1216663767,华远地产,financial,ok,1,"七、 近三年主要会计数据和财务指标 (一) 主要会计数据 单位：万元 币种：人民币 主要会计数据 2022年 2021年 本期比上年 同期增减(%) 2020年 营业收入 1,092,433.64 1,369,332.37 -20.22 7",pending,candidate_from_heading
1216663767,华远地产,liquidity_risk,ok,1,②“出租房地产的建筑面积”将根据报告期内该项目实际出租或销售情况调整，“出租房地产的建筑面积”为 报告期末数据；“出租房地产的租金收入”为报告期内该项目已确认的权益前租金收入。③上述项目均采用成 本计量模式。 5. 报告期内公司财务融资情况,pending,candidate_from_heading
1219854998,华远地产,dividend,ok,1,四、 公司负责人王乐斌、主管会计工作负责人靳慧玲及会计机构负责人（会计主管人员）冀伟 明声明：保证年度报告中财务报告的真实、准确、完整。 五、 董事会决议通过的本报告期利润分配预案或公积金转增股本预案 根据立信会计师事务所 （特殊普通合伙）,pending,candidate_from_front_matter
1219854998,华远地产,financial,ok,1,"七、 近三年主要会计数据和财务指标 (一) 主要会计数据 单位：万元 币种：人民币 主要会计数据 2023年 2022年 本期比上 年同期增 减(%) 2021年 调整后 调整前 调整后 调整前 营业收入 1,598,645.39 1,09",pending,candidate_from_heading
1219854998,华远地产,liquidity_risk,ok,1,际知名酒店管理集团凯悦集团进行管理， 酒店收入包括客房收入、 餐饮收入及其他收入。③“出租房地产的建筑面 积”将根据报告期内该项目实际出租或销售情况调整， 为报告期末数据；“出租房地产的租金收入”为报告期内该 项目已确认的权益前租金收入。④,pending,candidate_from_heading
1223414289,华远地产,dividend,ok,1,四、 公司负责人王乐斌、 主管会计工作负责人靳慧玲及会计机构负责人 （会计主管人员）李艳娇 声明：保证年度报告中财务报告的真实、准确、完整。 五、 董事会决议通过的本报告期利润分配预案或公积金转增股本预案 根据立信会计师事务所 （特殊普通合,pending,candidate_from_front_matter
1223414289,华远地产,financial,ok,1,"七、 近三年主要会计数据和财务指标 (一) 主要会计数据 单位：万元 币种：人民币 主要会计数据 2024年 2023年 本期比上年 同期增减 (%) 2022年 调整后 调整前 调整后 调整前 营业收入 462,932.78 1,601,",pending,candidate_from_heading
1223414289,华远地产,liquidity_risk,ok,1,注：①京西大悦城租金收入包括租金、推广费及物业费等其他收入。②长沙君悦酒店为本公司投资开发的五星级高端酒店，长沙凯悦嘉轩酒店为本公司投资开发的四星级商务酒 店。酒店均聘请国际知名酒店管理集团凯悦集团进行管理，酒店收入包括客房收入、餐饮收入及,pending,candidate_from_heading
1209681921,上海临港,dividend,ok,1,四、公司负责人袁国华、主管会计工作负责人邓睿宗及会计机构负责人（会计主管人员）蒋欣妍 声明：保证年度报告中财务报告的真实、准确、完整。 五、经董事会审议的报告期利润分配预案或公积金转增股本预案 按公司2020年度的净利润提取法定盈余公积后，,pending,candidate_from_front_matter
1209681921,上海临港,financial,ok,1,"七、近三年主要会计数据和财务指标 (一)主要会计数据 单位：元 币种：人民币 主要会计数据 2020年 2019年 本期比上年 同期增减 (%) 2018年 调整后 调整前 营业收入 3,929,556,277.52 3,949,773,0",pending,candidate_from_heading
1209681921,上海临港,liquidity_risk,wrong_section,1,"5 上海 南桥园区 产业项目 91,007 2,451 否 不适用 6 上海 金山园区 产业项目 11,228 8 否 不适用 7 上海 洋山特殊综保区 产业项目 329,423 9,653 否 不适用 5. 报告期内公司财务融资情况 √适",pending,candidate_from_heading; lacks_liquidity_context
1213176301,上海临港,dividend,ok,1,四、公司负责人袁国华、 主管会计工作负责人邓睿宗及会计机构负责人 （会计主管人员）蒋欣妍声明： 保证年度报告中财务报告的真实、准确、完整。 五、董事会决议通过的本报告期利润分配预案或公积金转增股本预案 按公司2021年度的净利润提取法定盈余,pending,candidate_from_front_matter
1213176301,上海临港,financial,ok,1,"七、近三年主要会计数据和财务指标 (一)主要会计数据 单位：元 币种：人民币 主要会计数据 2021年 2020年 本期比上年同期增减 (%) 2019年 调整后 调整前 调整后 调整前 营业收入 6,271,921,295.10 3,93",pending,candidate_from_heading
1213176301,上海临港,liquidity_risk,wrong_section,1,"5 上海 南桥园区 产业项目 128,666 3,442 否 不适用 6 上海 洋山特殊综保区 产业项目 301,501 11,563 否 不适用 7 上海 金山园区 产业项目 65,022 1,241 否 不适用 5. 报告期内公司财务融",pending,candidate_from_heading; lacks_liquidity_context
1216402918,上海临港,dividend,ok,1,四、 公司负责人袁国华、主管会计工作负责人姚炜及会计机构负责人（会计主管人员） 蒋欣妍声明： 保证年度报告中财务报告的真实、准确、完整。 五、 董事会决议通过的本报告期利润分配预案或公积金转增股本预案 按公司2022年度的净利润提取法定盈余,pending,candidate_from_front_matter
1216402918,上海临港,financial,ok,1,"七、 近三年主要会计数据和财务指标 (一) 主要会计数据 单位：元 币种：人民币 主要会计数据 2022年 2021年 本期比上年同期 增减(%) 2020年 调整后 调整前 调整后 调整前 营业收入 5,999,409,399.43 6,",pending,candidate_from_heading
1216402918,上海临港,liquidity_risk,ok,1,"大飞机产业 园 产业项目 56,065 74 否 不适用 5. 报告期内公司财务融资情况 √适用 □不适用 单位：万元 币种：人民币 期末融资总额 整体平均融资成本(%) 利息资本化金额 2,242,528.48 3.30 18,916.8",pending,candidate_from_heading
1219596576,上海临港,dividend,ok,1,四、公司负责人翁恺宁、 主管会计工作负责人姚炜及会计机构负责人 （会计主管人员）徐庭骅声明： 保 证年度报告中财务报告的真实、准确、完整。 五、董事会决议通过的本报告期利润分配预案或公积金转增股本预案 按公司2023年度的净利润提取法定盈余,pending,candidate_from_front_matter
1219596576,上海临港,financial,ok,1,"七、近三年主要会计数据和财务指标 (一)主要会计数据 单位：元 币种：人民币 主要会计数据 2023年 2022年 本期比上年同期增减 (%) 2021年 调整后 调整前 调整后 调整前 营业收入 7,052,134,567.31 5,99",pending,candidate_from_heading
1219596576,上海临港,liquidity_risk,ok,1,资金与资源的高效能配置， 进一步增加经营发展的效益、 效率和效能。 报告期内， 公司以“融资+配置” 的高效能运行有效降低综合融资成本，整体平均融资成本降至3.16%，较上年降低14 个 BP，并助力发 挥了金融创新对于园区经济发展的加速功,pending,candidate_from_heading
1223073233,上海临港,dividend,ok,1,四、公司负责人翁恺宁、主管会计工作负责人姚炜及会计机构负责人（会计主管人员）徐庭骅声明：保 证年度报告中财务报告的真实、准确、完整。 五、董事会决议通过的本报告期利润分配预案或公积金转增股本预案 按公司2024年度的净利润提取法定盈余公积后,pending,candidate_from_front_matter
1223073233,上海临港,financial,ok,1,"七、近三年主要会计数据和财务指标 (一)主要会计数据 单位：元 币种：人民币 主要会计数据 2024年 2023年 本期比上年同期增减(%) 2022年 调整后 调整前 调整后 调整前 营业收入 11,103,035,861.85 7,06",pending,candidate_from_heading
1223073233,上海临港,liquidity_risk,ok,1,"7 上海 临港新片区现代服务业开放区 产业项目 13,088 1,413 否 不适用 8 上海 临港新片区大飞机航空产业园 产业综合 140,339 4,527 否 不适用 9 浙江 海宁园区 产业项目 51,483 1,252 否 不适用",pending,candidate_from_heading
1213263785,张江高科,dividend,ok,1,"四、公司负责人刘樱、主管会计工作负责人卢缨及会计机构负责人（会计主管人员）吴小敏声明：保证 年度报告中财务报告的真实、准确、完整。 五、董事会决议通过的本报告期利润分配预案或公积金转增股本预案 公司拟以2021年末总股本1,548,689,",pending,candidate_from_front_matter
1213263785,张江高科,financial,ok,1,"七、近三年主要会计数据和财务指标 (一)主要会计数据 单位：元 币种：人民币 主要会计数据 2021年 2020年 本期比上年 同期增减(%) 2019年 营业收入 2,097,061,778.35 779,198,155.47 169.1",pending,candidate_from_heading
1213263785,张江高科,liquidity_risk,wrong_section,1,"30 张江 杰昌项目 工业用地 83,242 3,349.30 31 张江 创业源项目 办公楼 11,392 1,328.70 注：以上为主要项目 5. 报告期内公司财务融资情况 单位：万元 币种：人民币 期末融资总额 整体平均融资成本（%",pending,candidate_from_heading; lacks_liquidity_context
1216411318,张江高科,dividend,ok,1,"四、公司负责人刘樱、主管会计工作负责人卢缨及会计机构负责人（会计主管人员）吴小敏声明：保证 年度报告中财务报告的真实、准确、完整。 五、董事会决议通过的本报告期利润分配预案或公积金转增股本预案 公司拟以 2022 年末总股本 1,548,6",pending,candidate_from_front_matter
1216411318,张江高科,financial,ok,1,"七、近三年主要会计数据和财务指标 (一)主要会计数据 单位：元 币种：人民币 主要会计数据 2022年 2021年 本期比上年同期 增减(%) 2020年 营业收入 1,906,719,419.95 2,097,061,778.35 -9.",pending,candidate_from_heading
1216411318,张江高科,liquidity_risk,wrong_section,1,"<!-- page 21 --> 2022 年年度报告 21 / 189 5. 报告期内公司财务融资情况 √适用 □不适用 单位：万元 币种：人民币 期末融资总额 整体平均融资成本(%) 利息资本化金额 2,009,085.64 3.30 ",pending,candidate_from_heading; lacks_liquidity_context
1219463872,张江高科,dividend,ok,1,"四、公司负责人刘樱、主管会计工作负责人赵海生及会计机构负责人（会计主管人员）吴小敏声明：保 证年度报告中财务报告的真实、准确、完整。 五、董事会决议通过的本报告期利润分配预案或公积金转增股本预案 公司拟以 2023 年末总股本 1,548,",pending,candidate_from_front_matter
1219463872,张江高科,financial,ok,1,"七、近三年主要会计数据和财务指标 (一)主要会计数据 单位：元 币种：人民币 主要会计数据 2023年 2022年 本期比上年同 期增减(%) 2021年 营业收入 2,025,737,630.73 1,906,719,419.95 6.2",pending,candidate_from_heading
1219463872,张江高科,liquidity_risk,ok,1,"33 张江 云飞大厦 商办工地 24,863 2,554.00 34 张江 集贤商务中心 办公楼+商业+公寓 104,746 3,282.20 注：上述为公司主要项目。 5. 报告期内公司财务融资情况 √适用 □不适用 单位：万元 币种：人",pending,candidate_from_heading
1222946501,张江高科,dividend,ok,1,"四、公司负责人刘樱、主管会计工作负责人赵海生及会计机构负责人（会计主管人员）吴小敏声明：保 证年度报告中财务报告的真实、准确、完整。 五、董事会决议通过的本报告期利润分配预案或公积金转增股本预案 公司拟以 2024 年末总股本 1,548,",pending,candidate_from_front_matter
1222946501,张江高科,financial,ok,1,"七、近三年主要会计数据和财务指标 (一)主要会计数据 单位：元 币种：人民币 主要会计数据 2024年 2023年 本期比上年 同期增减(%) 2022年 营业收入 1,983,301,113.34 2,025,737,630.73 -2.",pending,candidate_from_heading
1222946501,张江高科,liquidity_risk,wrong_section,1,<!-- page 21 --> 上海张江高科技园区开发股份有限公司 2024 年年度报告 21 / 198 5、 报告期内公司财务融资情况 √适用 □不适用 单位：万元 币种：人民币 期末融资总额 整体平均融资成本(%) 利息资本化金额 ,pending,candidate_from_heading; lacks_liquidity_context
1209464414,新城控股,dividend,ok,1,四、公司负责人王晓松、主管会计工作负责人王晓松及会计机构负责人（会计主管人员）管有冬声明： 保证年度报告中财务报告的真实、准确、完整。 五、 经董事会审议的报告期利润分配预案或公积金转增股本预案 经普华永道中天会计师事务所（特殊普通合伙）审,pending,candidate_from_front_matter
1209464414,新城控股,financial,ok,1,"七、 近三年主要会计数据和财务指标 (一) 主要会计数据 单位：元 币种：人民币 主要会计数据 2020年 2019年 本期比上年同 期增减(%) 2018年 营业收入 145,475,225,497 85,847,041,435 69.4",pending,candidate_from_heading
1209464414,新城控股,liquidity_risk,ok,1,<!-- page 52 --> 2020 年年度报告 52 / 349 5. 报告期内公司财务融资情况 √适用 □不适用 单位：亿元 币种：人民币 期末融资总额 整体平均融资成本(%) 利息资本化金额 916.76 6.72 49.79 ,pending,candidate_from_heading
1212753271,新城控股,dividend,ok,1,四、公司负责人王晓松、主管会计工作负责人王晓松及会计机构负责人（会计主管人员）管有冬声明： 保证年度报告中财务报告的真实、准确、完整。 五、董事会决议通过的本报告期利润分配预案或公积金转增股本预案 经普华永道中天会计师事务所（特殊普通合伙）,pending,candidate_from_front_matter
1212753271,新城控股,financial,ok,1,"七、近三年主要会计数据和财务指标 (一) 主要会计数据 单位：元 币种：人民币 主要会计数据 2021年 2020年 本期比上年 同期增减(%) 2019年 营业收入 168,231,677,887 145,475,225,497 15.6",pending,candidate_from_heading
1212753271,新城控股,liquidity_risk,ok,1,亿元（即含税租金收入）。 4、出租率为2021年12月 31日当日商业物业出租情况。 5、“租金收入/房地产公允价值”的计算不包含管理输出的10座及开业未满1 年的吾悦广场。 5. 报告期内公司财务融资情况 √适用 □不适用 单位：亿元 币,pending,candidate_from_heading
1216298501,新城控股,dividend,ok,1,四、公司负责人王晓松、 主管会计工作负责人王晓松及会计机构负责人 （会计主管人员）管有冬声明： 保证年度报告中财务报告的真实、准确、完整。 五、董事会决议通过的本报告期利润分配预案或公积金转增股本预案 经普华永道中天会计师事务所 （特殊普通,pending,candidate_from_front_matter
1216298501,新城控股,financial,ok,1,"七、近三年主要会计数据和财务指标 (一)主要会计数据 单位：元 币种：人民币 主要会计数据 2022年 2021年 本期比上年 同期增减 (%) 2020年 营业收入 115,456,683,070 168,231,677,887 -31.",pending,candidate_from_heading
1216298501,新城控股,liquidity_risk,ok,1,4、公司积极承担社会责任，2022 年度因租金管理费减免及经营扶持减少公司商业运营总收入为3.13 亿元。 5、出租率为2022 年12 月31 日当日商业物业出租情况。 6、“租金收入/房地产公允价值”的计算不包含管理输出的14 座及开业,pending,candidate_from_heading
1219446608,新城控股,dividend,ok,1,四、公司负责人王晓松、主管会计工作负责人王晓松及会计机构负责人（会计主管人员）管有冬声明： 保证年度报告中财务报告的真实、准确、完整。 五、董事会决议通过的本报告期利润分配预案或公积金转增股本预案 经普华永道中天会计师事务所（特殊普通合伙）,pending,candidate_from_front_matter
1219446608,新城控股,financial,ok,1,"七、近三年主要会计数据和财务指标 (一)主要会计数据 单位：元 币种：人民币 主要会计数据 2023年 2022年 本期比上年 同期增减(%) 2021年 营业收入 119,174,277,853 115,456,683,070 3.22 ",pending,candidate_from_heading
1219446608,新城控股,liquidity_risk,ok,1,理费收入；2022年度公司商业运营总收入为100.06亿元（即含税租金收入）。 4、出租率为2023年 12月31日当日商业物业出租情况。 5、“租金收入/房地产公允价值”的计算不包含管理输出的20 座及开业未满1 年的吾悦广场。 5. 报,pending,candidate_from_heading
1224697369,新城控股,dividend,ok,1,四、公司负责人王晓松、主管会计工作负责人王晓松及会计机构负责人（会计主管人员）管有冬声明： 保证年度报告中财务报告的真实、准确、完整。 五、董事会决议通过的本报告期利润分配预案或公积金转增股本预案 经致同会计师事务所（特殊普通合伙）审计，公,pending,candidate_from_front_matter
1224697369,新城控股,financial,ok,1,"七、近三年主要会计数据和财务指标 (一)主要会计数据 单位：元 币种：人民币 主要会计数据 2024年 2023年 本期比上年同期 增减(%) 2022年 营业收入 88,998,583,082 119,174,277,853 -25.32",pending,candidate_from_heading
1224697369,新城控股,liquidity_risk,ok,1,管理费收入；2023 年度公司商业运营总收入为 113.24 亿元（即含税租金收入）。 4、出租率为 2024 年 12 月 31 日当日商业物业出租情况。 5、“租金收入/房地产公允价值”的计算不包含管理输出的 25 座及开业未满 1 年,pending,candidate_from_heading
