event_id,stock_code,stock_name,from_year,to_year,year_gap,is_consecutive_pair,from_doc_id,to_doc_id,dividend_delta,ocf_delta_cny,profit_delta_cny,risk_score_delta,base_attention_score_delta,final_attention_score_delta,cross_year_pressure_score,event_type,review_reason
000002_2020_2021,000002,万科A,2020,2021,1,True,1209488269,1212750450,-2.8,-49074861295.61,-18991511558.09,-6.22,13.44,22.44,45.0,dividend_with_profit_decline,cross-year base attention score rises; profit declines while dividend remains
000002_2020_2022,000002,万科A,2020,2022,2,False,1209488269,1216273938,-5.7,-50437572765.37,-18897766424.86,6.21,16.55,21.8,26.25,dividend_with_profit_decline,cross-year base attention score rises; profit declines while dividend remains
000002_2020_2023,000002,万科A,2020,2023,3,False,1209488269,1219487237,-12.5,-49275698323.7,-29352860572.45,4.52,-21.37,-21.37,0.0,baseline,cross-year baseline comparison
000002_2020_2024,000002,万科A,2020,2024,4,False,1209488269,1222974139,-12.5,-49388174611.46,-90993974153.27,-0.57,2.86,14.86,15.0,baseline,profit turns or remains negative
000002_2021_2022,000002,万科A,2021,2022,1,True,1212750450,1216273938,-2.9,-1362711469.76,93745133.23,12.43,3.11,-0.64,0.0,baseline,cross-year baseline comparison
000002_2021_2023,000002,万科A,2021,2023,2,False,1212750450,1219487237,-9.7,-200837028.09,-10361349014.36,10.74,-34.81,-43.81,0.0,baseline,cross-year baseline comparison
000002_2021_2024,000002,万科A,2021,2024,3,False,1212750450,1222974139,-9.7,-313313315.85,-72002462595.18,5.65,-10.58,-7.58,15.0,baseline,profit turns or remains negative
000002_2022_2023,000002,万科A,2022,2023,1,True,1216273938,1219487237,-6.8,1161874441.67,-10455094147.59,-1.69,-37.92,-43.17,0.0,baseline,cross-year baseline comparison
000002_2022_2024,000002,万科A,2022,2024,2,False,1216273938,1222974139,-6.8,1049398153.91,-72096207728.41,-6.78,-13.69,-6.94,15.0,baseline,profit turns or remains negative
000002_2023_2024,000002,万科A,2023,2024,1,True,1219487237,1222974139,0.0,-112476287.76,-61641113580.82,-5.09,24.23,36.23,60.0,attention_score_jump,cross-year base attention score jumps; profit turns or remains negative
000006_2020_2021,000006,深振业A,2020,2021,1,True,1209490148,1212943740,-0.72,-3707161097.23,-322948706.71,-38.98,-14.07,-3.07,55.0,dividend_with_negative_cashflow;dividend_with_profit_decline,current-year dividend with negative operating cash flow; profit declines while dividend remains
000006_2020_2022,000006,深振业A,2020,2022,2,False,1209490148,1216655440,-0.99,2482971050.52,-445019768.67,-38.98,-33.19,-27.19,15.0,dividend_with_profit_decline,profit declines while dividend remains
000006_2020_2023,000006,深振业A,2020,2023,3,False,1209490148,1219865454,-1.93,240268666.85,-1667291641.13,-38.98,-10.83,1.17,15.0,baseline,profit turns or remains negative
000006_2020_2024,000006,深振业A,2020,2024,4,False,1209490148,1223309112,-1.93,1282471668.53,-2433004235.66,-38.98,-18.33,-12.33,15.0,baseline,profit turns or remains negative
000006_2021_2022,000006,深振业A,2021,2022,1,True,1212943740,1216655440,-0.27,6190132147.75,-122071061.96,0.0,-19.12,-24.12,30.0,dividend_with_profit_decline,profit declines while dividend remains
000006_2021_2023,000006,深振业A,2021,2023,2,False,1212943740,1219865454,-1.21,3947429764.08,-1344342934.42,0.0,3.24,4.24,15.0,baseline,profit turns or remains negative
000006_2021_2024,000006,深振业A,2021,2024,3,False,1212943740,1223309112,-1.21,4989632765.76,-2110055528.95,0.0,-4.26,-9.26,15.0,baseline,profit turns or remains negative
000006_2022_2023,000006,深振业A,2022,2023,1,True,1216655440,1219865454,-0.94,-2242702383.67,-1222271872.46,0.0,22.36,28.36,60.0,attention_score_jump,cross-year base attention score jumps; profit turns or remains negative
000006_2022_2024,000006,深振业A,2022,2024,2,False,1216655440,1223309112,-0.94,-1200499381.99,-1987984466.99,0.0,14.86,14.86,26.25,baseline,cross-year base attention score rises; profit turns or remains negative
000006_2023_2024,000006,深振业A,2023,2024,1,True,1219865454,1223309112,0.0,1042203001.68,-765712594.53,0.0,-7.5,-13.5,30.0,baseline,profit turns or remains negative
000014_2020_2021,000014,沙河股份,2020,2021,1,True,1209462326,1212745865,0.42,-331633623.6,31049214.23,4.52,26.15,44.15,90.0,dividend_up_cashflow_down;dividend_with_negative_cashflow;attention_score_jump;high_cross_year_pressure,cross-year base attention score jumps; dividend rises while operating cash flow declines; current-year dividend with negative operating cash flow
000014_2020_2022,000014,沙河股份,2020,2022,2,False,1209462326,1216269818,1.12,93328479.61,244304358.08,0.57,1.86,1.86,0.0,baseline,cross-year baseline comparison
000014_2020_2023,000014,沙河股份,2020,2023,3,False,1209462326,1219460432,2.08,220760402.1,517391457.0,4.52,3.61,3.61,0.0,baseline,cross-year baseline comparison
000014_2020_2024,000014,沙河股份,2020,2024,4,False,1209462326,1222943281,-0.08,-400886509.45,12071903.51,-9.6,19.62,24.62,11.25,baseline,cross-year base attention score rises
000014_2021_2022,000014,沙河股份,2021,2022,1,True,1212745865,1216269818,0.7,424962103.21,213255143.85,-3.95,-24.29,-42.29,0.0,baseline,cross-year baseline comparison
000014_2021_2023,000014,沙河股份,2021,2023,2,False,1212745865,1219460432,1.66,552394025.7,486342242.77,0.0,-22.54,-40.54,0.0,baseline,cross-year baseline comparison
000014_2021_2024,000014,沙河股份,2021,2024,3,False,1212745865,1222943281,-0.5,-69252885.85,-18977310.72,-14.12,-6.53,-19.53,0.0,baseline,cross-year baseline comparison
000014_2022_2023,000014,沙河股份,2022,2023,1,True,1216269818,1219460432,0.96,127431922.49,273087098.92,3.95,1.75,1.75,0.0,baseline,cross-year baseline comparison
000014_2022_2024,000014,沙河股份,2022,2024,2,False,1216269818,1222943281,-1.2,-494214989.06,-232232454.57,-10.17,17.76,22.76,11.25,baseline,cross-year base attention score rises
000014_2023_2024,000014,沙河股份,2023,2024,1,True,1219460432,1222943281,-2.16,-621646911.55,-505319553.49,-14.12,16.01,21.01,25.0,baseline,cross-year base attention score rises
000031_2020_2021,000031,大悦城,2020,2021,1,True,1209464144,1212886659,0.0,-18278242198.87,494343748.98,-29.94,2.01,2.01,0.0,baseline,cross-year baseline comparison
000031_2020_2022,000031,大悦城,2020,2022,2,False,1209464144,1216587088,0.0,-7103658787.65,-2495936386.98,-29.94,-7.49,-1.49,15.0,baseline,profit turns or remains negative
000031_2020_2023,000031,大悦城,2020,2023,3,False,1209464144,1219863705,0.0,827423268.64,-1078561161.54,-34.46,-8.62,-5.62,15.0,baseline,profit turns or remains negative
000031_2020_2024,000031,大悦城,2020,2024,4,False,1209464144,1223153545,0.0,-3196786998.61,-2589950761.78,-20.34,-5.09,0.91,15.0,baseline,profit turns or remains negative
000031_2021_2022,000031,大悦城,2021,2022,1,True,1212886659,1216587088,0.0,11174583411.22,-2990280135.96,0.0,-9.5,-3.5,30.0,baseline,profit turns or remains negative
000031_2021_2023,000031,大悦城,2021,2023,2,False,1212886659,1219863705,0.0,19105665467.51,-1572904910.52,-4.52,-10.63,-7.63,15.0,baseline,profit turns or remains negative
000031_2021_2024,000031,大悦城,2021,2024,3,False,1212886659,1223153545,0.0,15081455200.26,-3084294510.76,9.6,-7.1,-1.1,15.0,baseline,profit turns or remains negative
000031_2022_2023,000031,大悦城,2022,2023,1,True,1216587088,1219863705,0.0,7931082056.29,1417375225.44,-4.52,-1.13,-4.13,0.0,baseline,cross-year baseline comparison
000031_2022_2024,000031,大悦城,2022,2024,2,False,1216587088,1223153545,0.0,3906871789.04,-94014374.8,9.6,2.4,2.4,15.0,baseline,profit turns or remains negative
000031_2023_2024,000031,大悦城,2023,2024,1,True,1219863705,1223153545,0.0,-4024210267.25,-1511389600.24,14.12,3.53,6.53,30.0,baseline,profit turns or remains negative
000042_2020_2021,000042,中洲控股,2020,2021,1,True,1209676546,1212898226,-0.18,-1083821657.99,-75421322.7,-12.99,3.17,9.17,30.0,dividend_with_profit_decline,profit declines while dividend remains
000042_2020_2022,000042,中洲控股,2020,2022,2,False,1209676546,1216380219,-0.38,-248922660.64,-201687362.0,-6.21,1.17,7.17,15.0,dividend_with_profit_decline,profit declines while dividend remains
000042_2020_2023,000042,中洲控股,2020,2023,3,False,1209676546,1219769062,-0.5,-1092520085.3,-96867820.66,-1.69,4.08,4.08,0.0,baseline,cross-year baseline comparison
000042_2020_2024,000042,中洲控股,2020,2024,4,False,1209676546,1223544393,-0.5,4428519673.45,-2306054128.05,-3.95,9.01,15.01,15.0,baseline,profit turns or remains negative
000042_2021_2022,000042,中洲控股,2021,2022,1,True,1212898226,1216380219,-0.2,834898997.35,-126266039.3,6.78,-2.0,-2.0,30.0,dividend_with_profit_decline,profit declines while dividend remains
000042_2021_2023,000042,中洲控股,2021,2023,2,False,1212898226,1219769062,-0.32,-8698427.31,-21446497.96,11.3,0.91,-5.09,0.0,baseline,cross-year baseline comparison
000042_2021_2024,000042,中洲控股,2021,2024,3,False,1212898226,1223544393,-0.32,5512341331.44,-2230632805.35,9.04,5.84,5.84,15.0,baseline,profit turns or remains negative
000042_2022_2023,000042,中洲控股,2022,2023,1,True,1216380219,1219769062,-0.12,-843597424.66,104819541.34,4.52,2.91,-3.09,0.0,baseline,cross-year baseline comparison
000042_2022_2024,000042,中洲控股,2022,2024,2,False,1216380219,1223544393,-0.12,4677442334.09,-2104366766.05,2.26,7.84,7.84,15.0,baseline,profit turns or remains negative
000042_2023_2024,000042,中洲控股,2023,2024,1,True,1219769062,1223544393,0.0,5521039758.75,-2209186307.39,-2.26,4.93,10.93,30.0,baseline,profit turns or remains negative
000069_2020_2021,000069,华侨城A,2020,2021,1,True,1209477137,1212757289,-3.0,-1980702789.52,-8886245895.97,1.7,-17.58,-11.58,30.0,dividend_with_profit_decline,profit declines while dividend remains
000069_2020_2022,000069,华侨城A,2020,2022,2,False,1209477137,1216276910,-4.0,-21793259207.92,-23590763521.42,30.51,24.12,43.12,63.75,risk_score_jump;attention_score_jump;high_cross_year_pressure,cross-year liquidity-risk score jumps; cross-year base attention score jumps; profit turns or remains negative
000069_2020_2023,000069,华侨城A,2020,2023,3,False,1209477137,1219488813,-4.0,-17796077318.67,-19177800260.84,-2.82,0.79,6.04,15.0,baseline,profit turns or remains negative
000069_2020_2024,000069,华侨城A,2020,2024,4,False,1209477137,1222949848,-4.0,-15856401009.04,-21347657908.54,0.0,1.5,7.5,15.0,baseline,profit turns or remains negative
000069_2021_2022,000069,华侨城A,2021,2022,1,True,1212757289,1216276910,-1.0,-19812556418.4,-14704517625.45,28.81,41.7,54.7,95.0,risk_score_jump;attention_score_jump;high_cross_year_pressure,cross-year liquidity-risk score jumps; cross-year base attention score jumps; profit turns or remains negative
000069_2021_2023,000069,华侨城A,2021,2023,2,False,1212757289,1219488813,-1.0,-15815374529.15,-10291554364.87,-4.52,18.37,17.62,26.25,baseline,cross-year base attention score rises; profit turns or remains negative
000069_2021_2024,000069,华侨城A,2021,2024,3,False,1212757289,1222949848,-1.0,-13875698219.52,-12461412012.57,-1.7,19.08,19.08,26.25,baseline,cross-year base attention score rises; profit turns or remains negative
000069_2022_2023,000069,华侨城A,2022,2023,1,True,1216276910,1219488813,0.0,3997181889.25,4412963260.58,-33.33,-23.33,-37.08,0.0,baseline,cross-year baseline comparison
000069_2022_2024,000069,华侨城A,2022,2024,2,False,1216276910,1222949848,0.0,5936858198.88,2243105612.88,-30.51,-22.62,-35.62,0.0,baseline,cross-year baseline comparison
000069_2023_2024,000069,华侨城A,2023,2024,1,True,1219488813,1222949848,0.0,1939676309.63,-2169857647.7,2.82,0.71,1.46,30.0,baseline,profit turns or remains negative
000514_2020_2021,000514,渝开发,2020,2021,1,True,1209452441,1212688336,-0.05,1876229752.8,28579952.91,-11.86,-25.77,-25.77,0.0,baseline,cross-year baseline comparison
000514_2020_2022,000514,渝开发,2020,2022,2,False,1209452441,1216221769,-0.05,2747100065.71,29248787.2,-11.3,-25.62,-25.62,0.0,baseline,cross-year baseline comparison
000514_2020_2023,000514,渝开发,2020,2023,3,False,1209452441,1219824168,-0.13,1605230197.25,-27809764.1,-14.12,-26.81,-20.81,15.0,dividend_with_profit_decline,profit declines while dividend remains
000514_2020_2024,000514,渝开发,2020,2024,4,False,1209452441,1223243787,-0.25,1615655763.47,-247424088.39,-14.12,-14.53,-5.53,15.0,baseline,profit turns or remains negative
000514_2021_2022,000514,渝开发,2021,2022,1,True,1212688336,1216221769,0.0,870870312.91,668834.29,0.56,0.15,0.15,0.0,baseline,cross-year baseline comparison
000514_2021_2023,000514,渝开发,2021,2023,2,False,1212688336,1219824168,-0.08,-270999555.55,-56389717.01,-2.26,-1.04,4.96,15.0,dividend_with_profit_decline,profit declines while dividend remains
000514_2021_2024,000514,渝开发,2021,2024,3,False,1212688336,1223243787,-0.2,-260573989.33,-276004041.3,-2.26,11.24,20.24,26.25,baseline,cross-year base attention score rises; profit turns or remains negative
000514_2022_2023,000514,渝开发,2022,2023,1,True,1216221769,1219824168,-0.08,-1141869868.46,-57058551.3,-2.82,-1.19,4.81,30.0,dividend_with_profit_decline,profit declines while dividend remains
000514_2022_2024,000514,渝开发,2022,2024,2,False,1216221769,1223243787,-0.2,-1131444302.24,-276672875.59,-2.82,11.09,20.09,26.25,baseline,cross-year base attention score rises; profit turns or remains negative
000514_2023_2024,000514,渝开发,2023,2024,1,True,1219824168,1223243787,-0.12,10425566.22,-219614324.29,0.0,12.28,15.28,45.0,baseline,cross-year base attention score rises; profit turns or remains negative
000573_2020_2021,000573,粤宏远A,2020,2021,1,True,1209682944,1212911763,0.4,-145809651.79,256854791.88,0.0,-10.6,-3.6,35.0,dividend_up_cashflow_down,dividend rises while operating cash flow declines
000573_2020_2022,000573,粤宏远A,2020,2022,2,False,1209682944,1216299891,0.2,-325130940.82,157787628.27,16.38,19.8,39.8,63.75,dividend_up_cashflow_down;dividend_with_negative_cashflow;high_cross_year_pressure,cross-year liquidity-risk score rises; cross-year base attention score rises; dividend rises while operating cash flow declines; current-year dividend with negative operating cash flow
000573_2020_2023,000573,粤宏远A,2020,2023,3,False,1209682944,1219600830,0.0,-563542314.41,182321300.48,16.38,18.6,32.85,45.0,dividend_with_negative_cashflow,cross-year liquidity-risk score rises; cross-year base attention score rises; current-year dividend with negative operating cash flow
000573_2020_2024,000573,粤宏远A,2020,2024,4,False,1209682944,1223151948,-0.1,-279914570.11,68537247.35,0.0,21.9,36.9,41.25,dividend_with_negative_cashflow;attention_score_jump,cross-year base attention score jumps; current-year dividend with negative operating cash flow
000573_2021_2022,000573,粤宏远A,2021,2022,1,True,1212911763,1216299891,-0.2,-179321289.03,-99067163.61,16.38,30.4,43.4,100.0,dividend_with_negative_cashflow;dividend_with_profit_decline;attention_score_jump;high_cross_year_pressure,cross-year liquidity-risk score rises; cross-year base attention score jumps; current-year dividend with negative operating cash flow; profit declines while dividend remains
000573_2021_2023,000573,粤宏远A,2021,2023,2,False,1212911763,1219600830,-0.4,-417732662.62,-74533491.4,16.38,29.2,36.45,71.25,dividend_with_negative_cashflow;dividend_with_profit_decline;attention_score_jump;high_cross_year_pressure,cross-year liquidity-risk score rises; cross-year base attention score jumps; current-year dividend with negative operating cash flow; profit declines while dividend remains
000573_2021_2024,000573,粤宏远A,2021,2024,3,False,1212911763,1223151948,-0.5,-134104918.32,-188317544.53,0.0,32.5,40.5,71.25,dividend_with_negative_cashflow;dividend_with_profit_decline;attention_score_jump;high_cross_year_pressure,cross-year base attention score jumps; current-year dividend with negative operating cash flow; profit declines while dividend remains; profit turns or remains negative
000573_2022_2023,000573,粤宏远A,2022,2023,1,True,1216299891,1219600830,-0.2,-238411373.59,24533672.21,0.0,-1.2,-6.95,35.0,dividend_with_negative_cashflow,current-year dividend with negative operating cash flow
000573_2022_2024,000573,粤宏远A,2022,2024,2,False,1216299891,1223151948,-0.3,45216370.71,-89250380.92,-16.38,2.1,-2.9,48.75,dividend_with_negative_cashflow;dividend_with_profit_decline,current-year dividend with negative operating cash flow; profit declines while dividend remains; profit turns or remains negative
000573_2023_2024,000573,粤宏远A,2023,2024,1,True,1219600830,1223151948,-0.1,283627744.3,-113784053.13,-16.38,3.3,4.05,75.0,dividend_with_negative_cashflow;dividend_with_profit_decline,current-year dividend with negative operating cash flow; profit declines while dividend remains; profit turns or remains negative
000736_2020_2021,000736,中交地产,2020,2021,1,True,1209691245,1212925020,-0.5,14288021981.61,-111844029.73,-27.68,-9.93,-9.93,0.0,baseline,cross-year baseline comparison
000736_2020_2022,000736,中交地产,2020,2022,2,False,1209691245,1216358368,9.5,21674857620.82,-313549885.88,-29.38,2.15,11.15,15.0,dividend_with_profit_decline,profit declines while dividend remains
000736_2020_2023,000736,中交地产,2020,2023,3,False,1209691245,1219517434,-0.5,25788599824.39,-2020588908.85,-29.94,-19.99,-13.99,15.0,baseline,profit turns or remains negative
000736_2020_2024,000736,中交地产,2020,2024,4,False,1209691245,1223096939,-0.5,21914870030.74,-5526571405.49,-14.12,-8.54,4.46,15.0,baseline,profit turns or remains negative
000736_2021_2022,000736,中交地产,2021,2022,1,True,1212925020,1216358368,10.0,7386835639.21,-201705856.15,-1.7,12.08,21.08,45.0,dividend_with_profit_decline,cross-year base attention score rises; profit declines while dividend remains
000736_2021_2023,000736,中交地产,2021,2023,2,False,1212925020,1219517434,0.0,11500577842.78,-1908744879.12,-2.26,-10.06,-4.06,15.0,baseline,profit turns or remains negative
000736_2021_2024,000736,中交地产,2021,2024,3,False,1212925020,1223096939,0.0,7626848049.13,-5414727375.76,13.56,1.39,14.39,15.0,baseline,profit turns or remains negative
000736_2022_2023,000736,中交地产,2022,2023,1,True,1216358368,1219517434,-10.0,4113742203.57,-1707039022.97,-0.56,-22.14,-25.14,30.0,baseline,profit turns or remains negative
000736_2022_2024,000736,中交地产,2022,2024,2,False,1216358368,1223096939,-10.0,240012409.92,-5213021519.61,15.26,-10.69,-6.69,30.0,baseline,cross-year liquidity-risk score rises; profit turns or remains negative
000736_2023_2024,000736,中交地产,2023,2024,1,True,1219517434,1223096939,0.0,-3873729793.65,-3505982496.64,15.82,11.45,18.45,65.0,baseline,cross-year liquidity-risk score rises; cross-year base attention score rises; profit turns or remains negative
000797_2020_2021,000797,中国武夷,2020,2021,1,True,1209814356,1212856624,-0.5,-957899250.06,-232960503.08,13.56,5.39,11.39,30.0,dividend_with_profit_decline,profit declines while dividend remains
000797_2020_2022,000797,中国武夷,2020,2022,2,False,1209814356,1216380526,-0.5,-1071949477.29,-256126878.1,4.52,3.13,9.13,15.0,dividend_with_profit_decline,profit declines while dividend remains
000797_2020_2023,000797,中国武夷,2020,2023,3,False,1209814356,1219597689,-0.5,-443145628.02,-247563670.15,15.25,5.81,11.81,30.0,dividend_with_profit_decline,cross-year liquidity-risk score rises; profit declines while dividend remains
000797_2020_2024,000797,中国武夷,2020,2024,4,False,1209814356,1223149048,-0.6,-1761586769.09,-261542866.77,4.52,25.03,30.03,22.5,attention_score_jump,cross-year base attention score jumps
000797_2021_2022,000797,中国武夷,2021,2022,1,True,1212856624,1216380526,0.0,-114050227.23,-23166375.02,-9.04,-2.26,-2.26,30.0,dividend_with_profit_decline,profit declines while dividend remains
000797_2021_2023,000797,中国武夷,2021,2023,2,False,1212856624,1219597689,0.0,514753622.04,-14603167.07,1.69,0.42,0.42,15.0,dividend_with_profit_decline,profit declines while dividend remains
000797_2021_2024,000797,中国武夷,2021,2024,3,False,1212856624,1223149048,-0.1,-803687519.03,-28582363.69,-9.04,19.64,18.64,11.25,baseline,cross-year base attention score rises
000797_2022_2023,000797,中国武夷,2022,2023,1,True,1216380526,1219597689,0.0,628803849.27,8563207.95,10.73,2.68,2.68,0.0,baseline,cross-year baseline comparison
000797_2022_2024,000797,中国武夷,2022,2024,2,False,1216380526,1223149048,-0.1,-689637291.8,-5415988.67,0.0,21.9,20.9,22.5,attention_score_jump,cross-year base attention score jumps
000797_2023_2024,000797,中国武夷,2023,2024,1,True,1219597689,1223149048,-0.1,-1318441141.07,-13979196.62,-10.73,19.22,18.22,25.0,baseline,cross-year base attention score rises
000897_2020_2021,000897,津滨发展,2020,2021,1,True,1209491037,1213001265,0.0,494375197.3,287243085.25,0.0,0.0,0.0,0.0,baseline,cross-year baseline comparison
000897_2020_2022,000897,津滨发展,2020,2022,2,False,1209491037,1216280228,0.0,117543433.2,61924662.68,0.0,0.0,0.0,0.0,baseline,cross-year baseline comparison
000897_2020_2023,000897,津滨发展,2020,2023,3,False,1209491037,1219997738,0.0,-1094489237.37,323604544.98,0.0,17.5,22.5,11.25,baseline,cross-year base attention score rises
000897_2020_2024,000897,津滨发展,2020,2024,4,False,1209491037,1223361063,0.95,-1225766285.44,307215369.1,0.0,23.2,39.2,60.0,dividend_up_cashflow_down;dividend_with_negative_cashflow;attention_score_jump;high_cross_year_pressure,cross-year base attention score jumps; dividend rises while operating cash flow declines; current-year dividend with negative operating cash flow
000897_2021_2022,000897,津滨发展,2021,2022,1,True,1213001265,1216280228,0.0,-376831764.1,-225318422.57,0.0,0.0,0.0,0.0,baseline,cross-year baseline comparison
000897_2021_2023,000897,津滨发展,2021,2023,2,False,1213001265,1219997738,0.0,-1588864434.67,36361459.73,0.0,17.5,22.5,11.25,baseline,cross-year base attention score rises
000897_2021_2024,000897,津滨发展,2021,2024,3,False,1213001265,1223361063,0.95,-1720141482.74,19972283.85,0.0,23.2,39.2,60.0,dividend_up_cashflow_down;dividend_with_negative_cashflow;attention_score_jump;high_cross_year_pressure,cross-year base attention score jumps; dividend rises while operating cash flow declines; current-year dividend with negative operating cash flow
000897_2022_2023,000897,津滨发展,2022,2023,1,True,1216280228,1219997738,0.0,-1212032670.57,261679882.3,0.0,17.5,22.5,25.0,baseline,cross-year base attention score rises
000897_2022_2024,000897,津滨发展,2022,2024,2,False,1216280228,1223361063,0.95,-1343309718.64,245290706.42,0.0,23.2,39.2,60.0,dividend_up_cashflow_down;dividend_with_negative_cashflow;attention_score_jump;high_cross_year_pressure,cross-year base attention score jumps; dividend rises while operating cash flow declines; current-year dividend with negative operating cash flow
000897_2023_2024,000897,津滨发展,2023,2024,1,True,1219997738,1223361063,0.95,-131277048.07,-16389175.88,0.0,5.7,16.7,80.0,dividend_up_cashflow_down;dividend_with_negative_cashflow;dividend_with_profit_decline;high_cross_year_pressure,dividend rises while operating cash flow declines; current-year dividend with negative operating cash flow; profit declines while dividend remains
000965_2020_2021,000965,天保基建,2020,2021,1,True,1209427529,1212913665,0.0,2114966872.19,-45783254.32,-4.52,-23.63,-23.63,0.0,baseline,cross-year baseline comparison
000965_2020_2022,000965,天保基建,2020,2022,2,False,1209427529,1216277657,0.2,1954271460.58,-71990343.59,6.78,-19.61,-8.61,15.0,dividend_with_profit_decline,profit declines while dividend remains
000965_2020_2023,000965,天保基建,2020,2023,3,False,1209427529,1219445524,0.2,-135064460.16,-75256923.52,-9.04,-1.06,13.94,52.5,dividend_up_cashflow_down;dividend_with_negative_cashflow;dividend_with_profit_decline;high_cross_year_pressure,dividend rises while operating cash flow declines; current-year dividend with negative operating cash flow; profit declines while dividend remains
000965_2020_2024,000965,天保基建,2020,2024,4,False,1209427529,1222947586,0.1,1831224505.14,-78448335.06,-9.04,-24.16,-17.41,15.0,dividend_with_profit_decline,profit declines while dividend remains
000965_2021_2022,000965,天保基建,2021,2022,1,True,1212913665,1216277657,0.2,-160695411.61,-26207089.27,11.3,4.02,15.02,55.0,dividend_up_cashflow_down;dividend_with_profit_decline,dividend rises while operating cash flow declines; profit declines while dividend remains
000965_2021_2023,000965,天保基建,2021,2023,2,False,1212913665,1219445524,0.2,-2250031332.35,-29473669.2,-4.52,22.57,37.57,75.0,dividend_up_cashflow_down;dividend_with_negative_cashflow;dividend_with_profit_decline;attention_score_jump;high_cross_year_pressure,cross-year base attention score jumps; dividend rises while operating cash flow declines; current-year dividend with negative operating cash flow; profit declines while dividend remains
000965_2021_2024,000965,天保基建,2021,2024,3,False,1212913665,1222947586,0.1,-283742367.05,-32665080.74,-4.52,-0.53,6.22,33.75,dividend_up_cashflow_down;dividend_with_profit_decline,dividend rises while operating cash flow declines; profit declines while dividend remains
000965_2022_2023,000965,天保基建,2022,2023,1,True,1216277657,1219445524,0.0,-2089335920.74,-3266579.93,-15.82,18.55,22.55,70.0,dividend_with_negative_cashflow;dividend_with_profit_decline,cross-year base attention score rises; current-year dividend with negative operating cash flow; profit declines while dividend remains
000965_2022_2024,000965,天保基建,2022,2024,2,False,1216277657,1222947586,-0.1,-123046955.44,-6457991.47,-15.82,-4.55,-8.8,15.0,dividend_with_profit_decline,profit declines while dividend remains
000965_2023_2024,000965,天保基建,2023,2024,1,True,1219445524,1222947586,-0.1,1966288965.3,-3191411.54,0.0,-23.1,-31.35,30.0,dividend_with_profit_decline,profit declines while dividend remains
001979_2020_2021,001979,招商蛇口,2020,2021,1,True,1209425561,1212634443,-34.6,-1644994509.22,-1880610596.58,0.0,0.0,6.0,30.0,dividend_with_profit_decline,profit declines while dividend remains
001979_2020_2022,001979,招商蛇口,2020,2022,2,False,1209425561,1216166724,-37.7,-5448016556.5,-7988785102.56,0.0,-16.2,-10.2,15.0,dividend_with_profit_decline,profit declines while dividend remains
001979_2020_2023,001979,招商蛇口,2020,2023,3,False,1209425561,1219330022,-36.8,3808978283.85,-5933444312.03,0.0,-10.8,-7.8,15.0,dividend_with_profit_decline,profit declines while dividend remains
001979_2020_2024,001979,招商蛇口,2020,2024,4,False,1209425561,1222823028,-38.0647,4341582840.09,-8214293200.91,0.0,-18.39,-12.39,15.0,dividend_with_profit_decline,profit declines while dividend remains
001979_2021_2022,001979,招商蛇口,2021,2022,1,True,1212634443,1216166724,-3.1,-3803022047.28,-6108174505.98,0.0,-16.2,-16.2,30.0,dividend_with_profit_decline,profit declines while dividend remains
001979_2021_2023,001979,招商蛇口,2021,2023,2,False,1212634443,1219330022,-2.2,5453972793.07,-4052833715.45,0.0,-10.8,-13.8,15.0,dividend_with_profit_decline,profit declines while dividend remains
001979_2021_2024,001979,招商蛇口,2021,2024,3,False,1212634443,1222823028,-3.4647,5986577349.31,-6333682604.33,0.0,-18.39,-18.39,15.0,dividend_with_profit_decline,profit declines while dividend remains
001979_2022_2023,001979,招商蛇口,2022,2023,1,True,1216166724,1219330022,0.9,9256994840.35,2055340790.53,0.0,5.4,2.4,0.0,baseline,cross-year baseline comparison
001979_2022_2024,001979,招商蛇口,2022,2024,2,False,1216166724,1222823028,-0.3647,9789599396.59,-225508098.35,0.0,-2.19,-2.19,15.0,dividend_with_profit_decline,profit declines while dividend remains
001979_2023_2024,001979,招商蛇口,2023,2024,1,True,1219330022,1222823028,-1.2647,532604556.24,-2280848888.88,0.0,-7.59,-4.59,30.0,dividend_with_profit_decline,profit declines while dividend remains
002244_2020_2021,002244,滨江集团,2020,2021,1,True,1209847122,1213249284,0.0,3996559284.99,699681869.63,15.26,-3.68,2.32,30.0,baseline,cross-year liquidity-risk score rises
002244_2020_2022,002244,滨江集团,2020,2022,2,False,1209847122,1217376050,0.24,8370794511.65,1413386201.12,17.52,-16.68,-13.68,15.0,baseline,cross-year liquidity-risk score rises
002244_2020_2023,002244,滨江集团,2020,2023,3,False,1209847122,1219860111,-1.36,35807142413.12,201493550.53,19.21,-25.85,-19.85,15.0,baseline,cross-year liquidity-risk score rises
002244_2020_2024,002244,滨江集团,2020,2024,4,False,1209847122,1223305625,-1.44,10824734738.99,218119804.91,24.3,-25.06,-22.06,15.0,baseline,cross-year liquidity-risk score rises
002244_2021_2022,002244,滨江集团,2021,2022,1,True,1213249284,1217376050,0.24,4374235226.66,713704331.49,2.26,-13.0,-16.0,0.0,baseline,cross-year baseline comparison
002244_2021_2023,002244,滨江集团,2021,2023,2,False,1213249284,1219860111,-1.36,31810583128.13,-498188319.1,3.95,-22.17,-22.17,15.0,dividend_with_profit_decline,profit declines while dividend remains
002244_2021_2024,002244,滨江集团,2021,2024,3,False,1213249284,1223305625,-1.44,6828175454.0,-481562064.72,9.04,-21.38,-24.38,15.0,dividend_with_profit_decline,profit declines while dividend remains
002244_2022_2023,002244,滨江集团,2022,2023,1,True,1217376050,1219860111,-1.6,27436347901.47,-1211892650.59,1.69,-9.17,-6.17,30.0,dividend_with_profit_decline,profit declines while dividend remains
002244_2022_2024,002244,滨江集团,2022,2024,2,False,1217376050,1223305625,-1.68,2453940227.34,-1195266396.21,6.78,-8.38,-8.38,15.0,dividend_with_profit_decline,profit declines while dividend remains
002244_2023_2024,002244,滨江集团,2023,2024,1,True,1219860111,1223305625,-0.08,-24982407674.13,16626254.38,5.09,0.79,-2.21,0.0,baseline,cross-year baseline comparison
600048_2020_2021,600048,保利发展,2020,2021,1,True,1209726563,1212964021,-1.5,-4599260419.73,-1560593256.66,-2.82,-0.71,5.29,30.0,dividend_with_profit_decline,profit declines while dividend remains
600048_2020_2022,600048,保利发展,2020,2022,2,False,1209726563,1216282876,-2.8,-7728100519.73,-10601610356.66,-5.08,-4.27,1.73,15.0,dividend_with_profit_decline,profit declines while dividend remains
600048_2020_2023,600048,保利发展,2020,2023,3,False,1209726563,1219740785,-3.2,-1220470119.73,-16881273056.66,-0.56,-13.04,-7.04,15.0,dividend_with_profit_decline,profit declines while dividend remains
600048_2020_2024,600048,保利发展,2020,2024,4,False,1209726563,1223382905,,-8893167019.73,-23947246556.66,-5.08,-34.27,-34.27,0.0,baseline,cross-year baseline comparison
600048_2021_2022,600048,保利发展,2021,2022,1,True,1212964021,1216282876,-1.3,-3128840100.0,-9041017100.0,-2.26,-3.56,-3.56,30.0,dividend_with_profit_decline,profit declines while dividend remains
600048_2021_2023,600048,保利发展,2021,2023,2,False,1212964021,1219740785,-1.7,3378790300.0,-15320679800.0,2.26,-12.33,-12.33,15.0,dividend_with_profit_decline,profit declines while dividend remains
600048_2021_2024,600048,保利发展,2021,2024,3,False,1212964021,1223382905,,-4293906600.0,-22386653300.0,-2.26,-33.56,-39.56,0.0,baseline,cross-year baseline comparison
600048_2022_2023,600048,保利发展,2022,2023,1,True,1216282876,1219740785,-0.4,6507630400.0,-6279662700.0,4.52,-8.77,-8.77,30.0,dividend_with_profit_decline,profit declines while dividend remains
600048_2022_2024,600048,保利发展,2022,2024,2,False,1216282876,1223382905,,-1165066500.0,-13345636200.0,0.0,-30.0,-36.0,0.0,baseline,cross-year baseline comparison
600048_2023_2024,600048,保利发展,2023,2024,1,True,1219740785,1223382905,,-7672696900.0,-7065973500.0,-4.52,-21.23,-27.23,0.0,baseline,cross-year baseline comparison
600094_2020_2021,600094,大名城,2020,2021,1,True,1209797563,1213255431,,8950512008.13,-860516559.8,-1.7,-6.92,-0.92,30.0,baseline,profit turns or remains negative
600094_2020_2022,600094,大名城,2020,2022,2,False,1209797563,1216411227,,3280928063.16,-277213520.54,0.0,-19.5,-19.5,0.0,baseline,cross-year baseline comparison
600094_2020_2023,600094,大名城,2020,2023,3,False,1209797563,1219622167,,4065290105.03,-225620528.8,-4.52,-20.63,-20.63,0.0,baseline,cross-year baseline comparison
600094_2020_2024,600094,大名城,2020,2024,4,False,1209797563,1223317029,,2439139090.73,-2784189908.55,-11.3,5.67,17.67,15.0,baseline,profit turns or remains negative
600094_2021_2022,600094,大名城,2021,2022,1,True,1213255431,1216411227,,-5669583944.97,583303039.26,1.7,-12.58,-18.58,0.0,baseline,cross-year baseline comparison
600094_2021_2023,600094,大名城,2021,2023,2,False,1213255431,1219622167,,-4885221903.1,634896031.0,-2.82,-13.71,-19.71,0.0,baseline,cross-year baseline comparison
600094_2021_2024,600094,大名城,2021,2024,3,False,1213255431,1223317029,,-6511372917.4,-1923673348.75,-9.6,12.59,18.59,26.25,baseline,cross-year base attention score rises; profit turns or remains negative
600094_2022_2023,600094,大名城,2022,2023,1,True,1216411227,1219622167,,784362041.87,51592991.74,-4.52,-1.13,-1.13,0.0,baseline,cross-year baseline comparison
600094_2022_2024,600094,大名城,2022,2024,2,False,1216411227,1223317029,,-841788972.43,-2506976388.01,-11.3,25.17,37.17,37.5,attention_score_jump,cross-year base attention score jumps; profit turns or remains negative
600094_2023_2024,600094,大名城,2023,2024,1,True,1219622167,1223317029,,-1626151014.3,-2558569379.75,-6.78,26.3,38.3,60.0,attention_score_jump,cross-year base attention score jumps; profit turns or remains negative
600266_2020_2021,600266,城建发展,2020,2021,1,True,1209669275,1212942161,0.0,3995662690.58,-592952309.14,15.25,-18.68,-8.68,50.0,dividend_with_profit_decline,cross-year liquidity-risk score rises; profit declines while dividend remains
600266_2020_2022,600266,城建发展,2020,2022,2,False,1209669275,1216238461,0.0,9240775826.31,-2160386385.89,-4.52,-5.63,7.37,30.0,dividend_with_profit_decline,profit declines while dividend remains; profit turns or remains negative
600266_2020_2023,600266,城建发展,2020,2023,3,False,1209669275,1219595758,0.0,14019585326.39,-675313633.58,1.69,-22.07,-19.07,15.0,dividend_with_profit_decline,profit declines while dividend remains
600266_2020_2024,600266,城建发展,2020,2024,4,False,1209669275,1223155072,-0.5,6478623524.79,-2185251657.74,-0.57,-7.64,5.36,30.0,dividend_with_profit_decline,profit declines while dividend remains; profit turns or remains negative
600266_2021_2022,600266,城建发展,2021,2022,1,True,1212942161,1216238461,0.0,5245113135.73,-1567434076.75,-19.77,13.05,16.05,65.0,dividend_with_profit_decline,cross-year base attention score rises; profit declines while dividend remains; profit turns or remains negative
600266_2021_2023,600266,城建发展,2021,2023,2,False,1212942161,1219595758,0.0,10023922635.81,-82361324.44,-13.56,-3.39,-10.39,15.0,dividend_with_profit_decline,profit declines while dividend remains
600266_2021_2024,600266,城建发展,2021,2024,3,False,1212942161,1223155072,-0.5,2482960834.21,-1592299348.6,-15.82,11.04,14.04,41.25,dividend_with_profit_decline,cross-year base attention score rises; profit declines while dividend remains; profit turns or remains negative
600266_2022_2023,600266,城建发展,2022,2023,1,True,1216238461,1219595758,0.0,4778809500.08,1485072752.31,6.21,-16.44,-26.44,0.0,baseline,cross-year baseline comparison
600266_2022_2024,600266,城建发展,2022,2024,2,False,1216238461,1223155072,-0.5,-2762152301.52,-24865271.85,3.95,-2.01,-2.01,30.0,dividend_with_profit_decline,profit declines while dividend remains; profit turns or remains negative
600266_2023_2024,600266,城建发展,2023,2024,1,True,1219595758,1223155072,-0.5,-7540961801.6,-1509938024.16,-2.26,14.43,24.43,65.0,dividend_with_profit_decline,cross-year base attention score rises; profit declines while dividend remains; profit turns or remains negative
600325_2020_2021,600325,华发股份,2020,2021,1,True,1209797610,1212857761,0.1,6952170026.59,292730636.86,-4.52,-0.53,-0.53,0.0,baseline,cross-year baseline comparison
600325_2020_2022,600325,华发股份,2020,2022,2,False,1209797610,1216169340,-0.8,9235686123.67,-324201965.89,-4.52,-5.93,0.07,15.0,dividend_with_profit_decline,profit declines while dividend remains
600325_2020_2023,600325,华发股份,2020,2023,3,False,1209797610,1219875404,-0.8,21435304899.55,-1064176656.14,-36.72,-13.98,-7.98,15.0,dividend_with_profit_decline,profit declines while dividend remains
600325_2020_2024,600325,华发股份,2020,2024,4,False,1209797610,1222807709,-3.46,-13208874348.45,-1950714459.5,-36.72,-29.94,-23.94,15.0,dividend_with_profit_decline,profit declines while dividend remains
600325_2021_2022,600325,华发股份,2021,2022,1,True,1212857761,1216169340,-0.9,2283516097.08,-616932602.75,0.0,-5.4,0.6,30.0,dividend_with_profit_decline,profit declines while dividend remains
600325_2021_2023,600325,华发股份,2021,2023,2,False,1212857761,1219875404,-0.9,14483134872.96,-1356907293.0,-32.2,-13.45,-7.45,15.0,dividend_with_profit_decline,profit declines while dividend remains
600325_2021_2024,600325,华发股份,2021,2024,3,False,1212857761,1222807709,-3.56,-20161044375.04,-2243445096.36,-32.2,-29.41,-23.41,15.0,dividend_with_profit_decline,profit declines while dividend remains
600325_2022_2023,600325,华发股份,2022,2023,1,True,1216169340,1219875404,0.0,12199618775.88,-739974690.25,-32.2,-8.05,-8.05,30.0,dividend_with_profit_decline,profit declines while dividend remains
600325_2022_2024,600325,华发股份,2022,2024,2,False,1216169340,1222807709,-2.66,-22444560472.12,-1626512493.61,-32.2,-24.01,-24.01,15.0,dividend_with_profit_decline,profit declines while dividend remains
600325_2023_2024,600325,华发股份,2023,2024,1,True,1219875404,1222807709,-2.66,-34644179248.0,-886537803.36,0.0,-15.96,-15.96,30.0,dividend_with_profit_decline,profit declines while dividend remains
600376_2020_2021,600376,首开股份,2020,2021,1,True,1209712122,1212940956,-3.0,1813753784.45,-2447298036.48,0.0,-18.0,-12.0,30.0,dividend_with_profit_decline,profit declines while dividend remains
600376_2020_2022,600376,首开股份,2020,2022,2,False,1209712122,1216741112,-3.0,-1171017602.38,-3600549641.21,0.0,0.0,13.0,30.0,dividend_with_profit_decline,profit declines while dividend remains; profit turns or remains negative
600376_2020_2023,600376,首开股份,2020,2023,3,False,1209712122,1219689383,-4.0,77668099.99,-9478126772.7,2.26,-5.44,0.56,15.0,baseline,profit turns or remains negative
600376_2020_2024,600376,首开股份,2020,2024,4,False,1209712122,1223218785,-4.0,1792209528.66,-11280378935.82,0.0,-6.0,0.0,15.0,baseline,profit turns or remains negative
600376_2021_2022,600376,首开股份,2021,2022,1,True,1212940956,1216741112,0.0,-2984771386.83,-1153251604.73,0.0,18.0,25.0,65.0,dividend_with_profit_decline,cross-year base attention score rises; profit declines while dividend remains; profit turns or remains negative
600376_2021_2023,600376,首开股份,2021,2023,2,False,1212940956,1219689383,-1.0,-1736085684.46,-7030828736.22,2.26,12.56,12.56,26.25,baseline,cross-year base attention score rises; profit turns or remains negative
600376_2021_2024,600376,首开股份,2021,2024,3,False,1212940956,1223218785,-1.0,-21544255.79,-8833080899.34,0.0,12.0,12.0,26.25,baseline,cross-year base attention score rises; profit turns or remains negative
600376_2022_2023,600376,首开股份,2022,2023,1,True,1216741112,1219689383,-1.0,1248685702.37,-5877577131.49,2.26,-5.44,-12.44,30.0,baseline,profit turns or remains negative
600376_2022_2024,600376,首开股份,2022,2024,2,False,1216741112,1223218785,-1.0,2963227131.04,-7679829294.61,0.0,-6.0,-13.0,15.0,baseline,profit turns or remains negative
600376_2023_2024,600376,首开股份,2023,2024,1,True,1219689383,1223218785,0.0,1714541428.67,-1802252163.12,-2.26,-0.56,-0.56,30.0,baseline,profit turns or remains negative
600383_2020_2021,600383,金地集团,2020,2021,1,True,1209713680,1213086449,,1884078027.16,-988265790.83,6.21,19.55,28.55,45.0,dividend_with_profit_decline,cross-year base attention score rises; profit declines while dividend remains
600383_2020_2022,600383,金地集团,2020,2022,2,False,1209713680,1216702482,,12391791894.5,-4290497492.15,79.66,16.08,29.08,52.5,dividend_with_profit_decline;risk_score_jump;high_cross_year_pressure,cross-year liquidity-risk score jumps; cross-year base attention score rises; profit declines while dividend remains
600383_2020_2023,600383,金地集团,2020,2023,3,False,1209713680,1219307600,,-5322952634.99,-9509663073.82,15.82,-6.86,-0.86,30.0,dividend_with_profit_decline,cross-year liquidity-risk score rises; profit declines while dividend remains
600383_2020_2024,600383,金地集团,2020,2024,4,False,1209713680,1222881250,,6104304315.98,-16512870949.59,33.33,14.33,30.33,52.5,risk_score_jump;high_cross_year_pressure,cross-year liquidity-risk score jumps; cross-year base attention score rises; profit turns or remains negative
600383_2021_2022,600383,金地集团,2021,2022,1,True,1213086449,1216702482,-4.94,10507713867.34,-3302231701.32,73.45,-3.47,0.53,65.0,dividend_with_profit_decline;risk_score_jump,cross-year liquidity-risk score jumps; profit declines while dividend remains
600383_2021_2023,600383,金地集团,2021,2023,2,False,1213086449,1219307600,-6.103,-7207030662.15,-8521397282.99,9.61,-26.41,-29.41,15.0,dividend_with_profit_decline,profit declines while dividend remains
600383_2021_2024,600383,金地集团,2021,2024,3,False,1213086449,1222881250,-6.3,4220226288.82,-15524605158.76,27.12,-5.22,1.78,41.25,risk_score_jump,cross-year liquidity-risk score jumps; profit turns or remains negative
600383_2022_2023,600383,金地集团,2022,2023,1,True,1216702482,1219307600,-1.163,-17714744529.49,-5219165581.67,-63.84,-22.94,-29.94,30.0,dividend_with_profit_decline,profit declines while dividend remains
600383_2022_2024,600383,金地集团,2022,2024,2,False,1216702482,1222881250,-1.36,-6287487578.52,-12222373457.44,-46.33,-1.75,1.25,15.0,baseline,profit turns or remains negative
600383_2023_2024,600383,金地集团,2023,2024,1,True,1219307600,1222881250,-0.197,11427256950.97,-7003207875.77,17.51,21.19,31.19,80.0,attention_score_jump;high_cross_year_pressure,cross-year liquidity-risk score rises; cross-year base attention score jumps; profit turns or remains negative
600533_2020_2021,600533,栖霞建设,2020,2021,1,True,1209878729,1213269486,0.2,3041687429.96,43247800.68,2.26,-20.74,-20.74,0.0,baseline,cross-year baseline comparison
600533_2020_2022,600533,栖霞建设,2020,2022,2,False,1209878729,1216690726,0.0,-670962739.07,-137822109.72,0.0,0.0,17.0,33.75,dividend_with_negative_cashflow;dividend_with_profit_decline,current-year dividend with negative operating cash flow; profit declines while dividend remains
600533_2020_2023,600533,栖霞建设,2020,2023,3,False,1209878729,1219915446,,-826157009.53,-460866909.15,0.0,11.5,20.5,26.25,baseline,cross-year base attention score rises; profit turns or remains negative
600533_2020_2024,600533,栖霞建设,2020,2024,4,False,1209878729,1223420265,,-121155572.95,-1264714242.13,2.26,12.06,19.56,26.25,baseline,cross-year base attention score rises; profit turns or remains negative
600533_2021_2022,600533,栖霞建设,2021,2022,1,True,1213269486,1216690726,-0.2,-3712650169.03,-181069910.4,-2.26,20.74,37.74,85.0,dividend_with_negative_cashflow;dividend_with_profit_decline;attention_score_jump;high_cross_year_pressure,cross-year base attention score jumps; current-year dividend with negative operating cash flow; profit declines while dividend remains
600533_2021_2023,600533,栖霞建设,2021,2023,2,False,1213269486,1219915446,,-3867844439.49,-504114709.83,-2.26,32.24,41.24,37.5,attention_score_jump,cross-year base attention score jumps; profit turns or remains negative
600533_2021_2024,600533,栖霞建设,2021,2024,3,False,1213269486,1223420265,,-3162843002.91,-1307962042.81,0.0,32.8,40.3,37.5,attention_score_jump,cross-year base attention score jumps; profit turns or remains negative
600533_2022_2023,600533,栖霞建设,2022,2023,1,True,1216690726,1219915446,,-155194270.46,-323044799.43,0.0,11.5,3.5,45.0,baseline,cross-year base attention score rises; profit turns or remains negative
600533_2022_2024,600533,栖霞建设,2022,2024,2,False,1216690726,1223420265,,549807166.12,-1126892132.41,2.26,12.06,2.56,26.25,baseline,cross-year base attention score rises; profit turns or remains negative
600533_2023_2024,600533,栖霞建设,2023,2024,1,True,1219915446,1223420265,,705001436.58,-803847332.98,2.26,0.56,-0.94,30.0,baseline,profit turns or remains negative
600639_2020_2021,600639,浦东金桥,2020,2021,1,True,1209711545,1212921077,2.0,-2186672353.42,515237722.34,-2.82,18.79,28.79,50.0,dividend_up_cashflow_down,cross-year base attention score rises; dividend rises while operating cash flow declines
600639_2020_2022,600639,浦东金桥,2020,2022,2,False,1209711545,1216402029,2.0,-5799943526.93,475811597.22,-2.82,33.79,47.79,60.0,dividend_up_cashflow_down;dividend_with_negative_cashflow;attention_score_jump;high_cross_year_pressure,cross-year base attention score jumps; dividend rises while operating cash flow declines; current-year dividend with negative operating cash flow
600639_2020_2023,600639,浦东金桥,2020,2023,3,False,1209711545,1219583682,2.7,-9971374901.99,711027600.47,-2.82,33.79,45.79,60.0,dividend_up_cashflow_down;dividend_with_negative_cashflow;attention_score_jump;high_cross_year_pressure,cross-year base attention score jumps; dividend rises while operating cash flow declines; current-year dividend with negative operating cash flow
600639_2020_2024,600639,浦东金桥,2020,2024,4,False,1209711545,1223095385,0.227,-4467439955.1,-105812199.67,-5.08,22.59,37.59,75.0,dividend_up_cashflow_down;dividend_with_negative_cashflow;dividend_with_profit_decline;attention_score_jump;high_cross_year_pressure,cross-year base attention score jumps; dividend rises while operating cash flow declines; current-year dividend with negative operating cash flow; profit declines while dividend remains
600639_2021_2022,600639,浦东金桥,2021,2022,1,True,1212921077,1216402029,0.0,-3613271173.51,-39426125.12,0.0,15.0,19.0,70.0,dividend_with_negative_cashflow;dividend_with_profit_decline,cross-year base attention score rises; current-year dividend with negative operating cash flow; profit declines while dividend remains
600639_2021_2023,600639,浦东金桥,2021,2023,2,False,1212921077,1219583682,0.7,-7784702548.57,195789878.13,0.0,15.0,17.0,48.75,dividend_up_cashflow_down;dividend_with_negative_cashflow,cross-year base attention score rises; dividend rises while operating cash flow declines; current-year dividend with negative operating cash flow
600639_2021_2024,600639,浦东金桥,2021,2024,3,False,1212921077,1223095385,-1.773,-2280767601.68,-621049922.01,-2.26,3.8,8.8,33.75,dividend_with_negative_cashflow;dividend_with_profit_decline,current-year dividend with negative operating cash flow; profit declines while dividend remains
600639_2022_2023,600639,浦东金桥,2022,2023,1,True,1216402029,1219583682,0.7,-4171431375.06,235216003.25,0.0,0.0,-2.0,60.0,dividend_up_cashflow_down;dividend_with_negative_cashflow,dividend rises while operating cash flow declines; current-year dividend with negative operating cash flow
600639_2022_2024,600639,浦东金桥,2022,2024,2,False,1216402029,1223095385,-1.773,1332503571.83,-581623796.89,-2.26,-11.2,-10.2,33.75,dividend_with_negative_cashflow;dividend_with_profit_decline,current-year dividend with negative operating cash flow; profit declines while dividend remains
600639_2023_2024,600639,浦东金桥,2023,2024,1,True,1219583682,1223095385,-2.473,5503934946.89,-816839800.14,-2.26,-11.2,-8.2,55.0,dividend_with_negative_cashflow;dividend_with_profit_decline,current-year dividend with negative operating cash flow; profit declines while dividend remains
600648_2020_2021,600648,外高桥,2020,2021,1,True,1209488634,1212752447,6.254,-650867940.13,215482047.82,11.86,20.97,33.97,65.0,dividend_up_cashflow_down;attention_score_jump,cross-year base attention score jumps; dividend rises while operating cash flow declines
600648_2020_2022,600648,外高桥,2020,2022,2,False,1209488634,1216389638,1.3,-5894103681.96,519176504.92,0.0,30.3,42.3,60.0,dividend_up_cashflow_down;dividend_with_negative_cashflow;attention_score_jump;high_cross_year_pressure,cross-year base attention score jumps; dividend rises while operating cash flow declines; current-year dividend with negative operating cash flow
600648_2020_2023,600648,外高桥,2020,2023,3,False,1209488634,1219840458,1.5,-3855515215.92,-568505438.66,-13.56,10.61,19.61,45.0,dividend_up_cashflow_down;dividend_with_profit_decline,cross-year base attention score rises; dividend rises while operating cash flow declines; profit declines while dividend remains
600648_2020_2024,600648,外高桥,2020,2024,4,False,1209488634,1223283699,,-6966670271.62,229807555.53,-1.7,14.58,16.83,11.25,baseline,cross-year base attention score rises
600648_2021_2022,600648,外高桥,2021,2022,1,True,1212752447,1216389638,-4.954,-5243235741.83,303694457.1,-11.86,9.33,8.33,35.0,dividend_with_negative_cashflow,current-year dividend with negative operating cash flow
600648_2021_2023,600648,外高桥,2021,2023,2,False,1212752447,1219840458,-4.754,-3204647275.79,-783987486.48,-25.42,-10.36,-14.36,15.0,dividend_with_profit_decline,profit declines while dividend remains
600648_2021_2024,600648,外高桥,2021,2024,3,False,1212752447,1223283699,,-6315802331.49,14325507.71,-13.56,-6.39,-17.14,0.0,baseline,cross-year baseline comparison
600648_2022_2023,600648,外高桥,2022,2023,1,True,1216389638,1219840458,0.2,2038588466.04,-1087681943.58,-13.56,-19.69,-22.69,30.0,dividend_with_profit_decline,profit declines while dividend remains
600648_2022_2024,600648,外高桥,2022,2024,2,False,1216389638,1223283699,,-1072566589.66,-289368949.39,-1.7,-15.72,-25.47,0.0,baseline,cross-year baseline comparison
600648_2023_2024,600648,外高桥,2023,2024,1,True,1219840458,1223283699,,-3111155055.7,798312994.19,11.86,3.97,-2.78,0.0,baseline,cross-year baseline comparison
600649_2020_2021,600649,城投控股,2020,2021,1,True,1209438821,1212687124,0.18,-13750238819.91,141852237.79,-11.3,20.75,38.75,90.0,dividend_up_cashflow_down;dividend_with_negative_cashflow;attention_score_jump;high_cross_year_pressure,cross-year base attention score jumps; dividend rises while operating cash flow declines; current-year dividend with negative operating cash flow
600649_2020_2022,600649,城投控股,2020,2022,2,False,1209438821,1216220009,0.18,-9251511571.85,12864604.18,-10.74,20.9,32.9,60.0,dividend_up_cashflow_down;dividend_with_negative_cashflow;attention_score_jump;high_cross_year_pressure,cross-year base attention score jumps; dividend rises while operating cash flow declines; current-year dividend with negative operating cash flow
600649_2020_2023,600649,城投控股,2020,2023,3,False,1209438821,1219469544,-0.32,1024224013.49,-354225337.89,-11.3,0.25,6.25,15.0,dividend_with_profit_decline,profit declines while dividend remains
600649_2020_2024,600649,城投控股,2020,2024,4,False,1209438821,1222949865,-0.52,1584937241.65,-526977806.98,-8.48,-0.24,5.76,15.0,dividend_with_profit_decline,profit declines while dividend remains
600649_2021_2022,600649,城投控股,2021,2022,1,True,1212687124,1216220009,0.0,4498727248.06,-128987633.61,0.56,0.15,-5.85,55.0,dividend_with_negative_cashflow;dividend_with_profit_decline,current-year dividend with negative operating cash flow; profit declines while dividend remains
600649_2021_2023,600649,城投控股,2021,2023,2,False,1212687124,1219469544,-0.5,14774462833.4,-496077575.68,0.0,-20.5,-32.5,15.0,dividend_with_profit_decline,profit declines while dividend remains
600649_2021_2024,600649,城投控股,2021,2024,3,False,1212687124,1222949865,-0.7,15335176061.56,-668830044.77,2.82,-20.99,-32.99,15.0,dividend_with_profit_decline,profit declines while dividend remains
600649_2022_2023,600649,城投控股,2022,2023,1,True,1216220009,1219469544,-0.5,10275735585.34,-367089942.07,-0.56,-20.65,-26.65,30.0,dividend_with_profit_decline,profit declines while dividend remains
600649_2022_2024,600649,城投控股,2022,2024,2,False,1216220009,1222949865,-0.7,10836448813.5,-539842411.16,2.26,-21.14,-27.14,15.0,dividend_with_profit_decline,profit declines while dividend remains
600649_2023_2024,600649,城投控股,2023,2024,1,True,1219469544,1222949865,-0.2,560713228.16,-172752469.09,2.82,-0.49,-0.49,30.0,dividend_with_profit_decline,profit declines while dividend remains
600657_2020_2021,600657,信达地产,2020,2021,1,True,1209465365,1212728709,,-4649285983.49,-686783481.65,17.51,4.08,14.08,50.0,dividend_with_profit_decline,cross-year liquidity-risk score rises; profit declines while dividend remains
600657_2020_2022,600657,信达地产,2020,2022,2,False,1209465365,1216245554,,-5520942384.36,-951630692.06,12.43,1.0,7.0,15.0,dividend_with_profit_decline,profit declines while dividend remains
600657_2020_2023,600657,信达地产,2020,2023,3,False,1209465365,1219412328,,-6648579559.04,-996665357.05,14.69,-0.83,-0.83,0.0,baseline,cross-year baseline comparison
600657_2020_2024,600657,信达地产,2020,2024,4,False,1209465365,1223073009,,-8502039497.95,-2285945158.37,12.43,43.6,55.6,37.5,attention_score_jump,cross-year base attention score jumps; profit turns or remains negative
600657_2021_2022,600657,信达地产,2021,2022,1,True,1212728709,1216245554,-0.3,-871656400.87,-264847210.41,-5.08,-3.08,-7.08,30.0,dividend_with_profit_decline,profit declines while dividend remains
600657_2021_2023,600657,信达地产,2021,2023,2,False,1212728709,1219412328,-0.7,-1999293575.55,-309881875.4,-2.82,-4.91,-14.91,0.0,baseline,cross-year baseline comparison
600657_2021_2024,600657,信达地产,2021,2024,3,False,1212728709,1223073009,,-3852753514.46,-1599161676.72,-5.08,39.52,41.52,37.5,attention_score_jump,cross-year base attention score jumps; profit turns or remains negative
600657_2022_2023,600657,信达地产,2022,2023,1,True,1216245554,1219412328,-0.4,-1127637174.68,-45034664.99,2.26,-1.83,-7.83,0.0,baseline,cross-year baseline comparison
600657_2022_2024,600657,信达地产,2022,2024,2,False,1216245554,1223073009,,-2981097113.59,-1334314466.31,0.0,42.6,48.6,37.5,attention_score_jump,cross-year base attention score jumps; profit turns or remains negative
600657_2023_2024,600657,信达地产,2023,2024,1,True,1219412328,1223073009,,-1853459938.91,-1289279801.32,-2.26,44.43,56.43,60.0,attention_score_jump,cross-year base attention score jumps; profit turns or remains negative
600658_2020_2021,600658,电子城,2020,2021,1,True,1209768898,1212974325,-1.25,1455011262.09,-489087665.14,-24.86,-3.72,2.28,30.0,dividend_with_profit_decline,profit declines while dividend remains
600658_2020_2022,600658,电子城,2020,2022,2,False,1209768898,1216492720,-0.87,-1737993847.15,71202331.58,-27.69,10.36,25.36,30.0,dividend_with_negative_cashflow,cross-year base attention score rises; current-year dividend with negative operating cash flow
600658_2020_2023,600658,电子城,2020,2023,3,False,1209768898,1219910873,-1.4,-1012524881.34,-697944153.02,-19.21,19.8,27.3,26.25,baseline,cross-year base attention score rises; profit turns or remains negative
600658_2020_2024,600658,电子城,2020,2024,4,False,1209768898,1223318757,-1.4,-1628318329.64,-2100394313.73,-21.47,26.73,34.23,37.5,attention_score_jump,cross-year base attention score jumps; profit turns or remains negative
600658_2021_2022,600658,电子城,2021,2022,1,True,1212974325,1216492720,0.38,-3193005109.24,560289996.72,-2.83,14.08,23.08,75.0,dividend_up_cashflow_down;dividend_with_negative_cashflow,cross-year base attention score rises; dividend rises while operating cash flow declines; current-year dividend with negative operating cash flow
600658_2021_2023,600658,电子城,2021,2023,2,False,1212974325,1219910873,-0.15,-2467536143.43,-208856487.88,5.65,23.52,25.02,37.5,attention_score_jump,cross-year base attention score jumps; profit turns or remains negative
600658_2021_2024,600658,电子城,2021,2024,3,False,1212974325,1223318757,-0.15,-3083329591.73,-1611306648.59,3.39,30.45,31.95,37.5,attention_score_jump,cross-year base attention score jumps; profit turns or remains negative
600658_2022_2023,600658,电子城,2022,2023,1,True,1216492720,1219910873,-0.53,725468965.81,-769146484.6,8.48,9.44,1.94,30.0,baseline,profit turns or remains negative
600658_2022_2024,600658,电子城,2022,2024,2,False,1216492720,1223318757,-0.53,109675517.51,-2171596645.31,6.22,16.37,8.87,26.25,baseline,cross-year base attention score rises; profit turns or remains negative
600658_2023_2024,600658,电子城,2023,2024,1,True,1219910873,1223318757,0.0,-615793448.3,-1402450160.71,-2.26,6.93,6.93,30.0,baseline,profit turns or remains negative
600663_2020_2021,600663,陆家嘴,2020,2021,1,True,1209488661,1212740393,0.37,4417211989.97,298943629.07,0.0,-22.38,-22.38,0.0,baseline,cross-year baseline comparison
600663_2020_2022,600663,陆家嘴,2020,2022,2,False,1209488661,1216273292,-3.63,163418156.06,-2927190436.01,2.26,-21.22,-10.22,33.75,dividend_with_negative_cashflow;dividend_with_profit_decline,current-year dividend with negative operating cash flow; profit declines while dividend remains
600663_2020_2023,600663,陆家嘴,2020,2023,3,False,1209488661,1222823303,-3.84,12082995235.2,-2918488490.14,2.26,-44.98,-41.98,15.0,dividend_with_profit_decline,profit declines while dividend remains
600663_2020_2024,600663,陆家嘴,2020,2024,4,False,1209488661,1223218010,-4.3512,2018294797.15,-2503455146.84,2.26,-48.04,-45.04,15.0,dividend_with_profit_decline,profit declines while dividend remains
600663_2021_2022,600663,陆家嘴,2021,2022,1,True,1212740393,1216273292,-4.0,-4253793833.91,-3226134065.08,2.26,1.16,12.16,55.0,dividend_with_negative_cashflow;dividend_with_profit_decline,current-year dividend with negative operating cash flow; profit declines while dividend remains
600663_2021_2023,600663,陆家嘴,2021,2023,2,False,1212740393,1222823303,-4.21,7665783245.23,-3217432119.21,2.26,-22.6,-19.6,15.0,dividend_with_profit_decline,profit declines while dividend remains
600663_2021_2024,600663,陆家嘴,2021,2024,3,False,1212740393,1223218010,-4.7212,-2398917192.82,-2802398775.91,2.26,-25.66,-22.66,15.0,dividend_with_profit_decline,profit declines while dividend remains
600663_2022_2023,600663,陆家嘴,2022,2023,1,True,1216273292,1222823303,-0.21,11919577079.14,8701945.87,0.0,-23.76,-31.76,0.0,baseline,cross-year baseline comparison
600663_2022_2024,600663,陆家嘴,2022,2024,2,False,1216273292,1223218010,-0.7212,1854876641.09,423735289.17,0.0,-26.82,-34.82,0.0,baseline,cross-year baseline comparison
600663_2023_2024,600663,陆家嘴,2023,2024,1,True,1222823303,1223218010,-0.5112,-10064700438.05,415033343.3,0.0,-3.06,-3.06,0.0,baseline,cross-year baseline comparison
600665_2020_2021,600665,天地源,2020,2021,1,True,1209833820,1212854184,-572.94,-3207149715.33,48031102.11,-4.52,-1.13,-1.13,0.0,baseline,cross-year baseline comparison
600665_2020_2022,600665,天地源,2020,2022,2,False,1209833820,1216094888,-43.19,-2481250459.03,13890406.3,-4.52,-1.13,4.87,0.0,baseline,cross-year baseline comparison
600665_2020_2023,600665,天地源,2020,2023,3,False,1209833820,1219907193,,-2854664441.31,-719163710.23,-4.52,-13.63,-7.63,15.0,baseline,profit turns or remains negative
600665_2020_2024,600665,天地源,2020,2024,4,False,1209833820,1223426241,,-4746266861.73,-1348718952.21,-1.7,9.58,21.58,15.0,baseline,profit turns or remains negative
600665_2021_2022,600665,天地源,2021,2022,1,True,1212854184,1216094888,529.75,725899256.3,-34140695.81,0.0,0.0,6.0,30.0,dividend_with_profit_decline,profit declines while dividend remains
600665_2021_2023,600665,天地源,2021,2023,2,False,1212854184,1219907193,,352485274.02,-767194812.34,0.0,-12.5,-6.5,15.0,baseline,profit turns or remains negative
600665_2021_2024,600665,天地源,2021,2024,3,False,1212854184,1223426241,,-1539117146.4,-1396750054.32,2.82,10.71,22.71,26.25,baseline,cross-year base attention score rises; profit turns or remains negative
600665_2022_2023,600665,天地源,2022,2023,1,True,1216094888,1219907193,,-373413982.28,-733054116.53,0.0,-12.5,-12.5,30.0,baseline,profit turns or remains negative
600665_2022_2024,600665,天地源,2022,2024,2,False,1216094888,1223426241,,-2265016402.7,-1362609358.51,2.82,10.71,16.71,26.25,baseline,cross-year base attention score rises; profit turns or remains negative
600665_2023_2024,600665,天地源,2023,2024,1,True,1219907193,1223426241,,-1891602420.42,-629555241.98,2.82,23.21,29.21,60.0,attention_score_jump,cross-year base attention score jumps; profit turns or remains negative
600675_2021_2022,600675,中华企业,2021,2022,1,True,1212671221,1216259939,-0.51,-4326437021.57,-782224429.17,0.0,29.44,46.44,85.0,dividend_with_negative_cashflow;dividend_with_profit_decline;attention_score_jump;high_cross_year_pressure,cross-year base attention score jumps; current-year dividend with negative operating cash flow; profit declines while dividend remains
600675_2021_2023,600675,中华企业,2021,2023,2,False,1212671221,1219650634,-0.25,-2976618653.93,-250118970.44,0.0,21.0,32.25,56.25,dividend_with_negative_cashflow;dividend_with_profit_decline;attention_score_jump;high_cross_year_pressure,cross-year base attention score jumps; current-year dividend with negative operating cash flow; profit declines while dividend remains
600675_2021_2024,600675,中华企业,2021,2024,3,False,1212671221,1223113350,-0.53,-517247149.29,-1122040748.66,0.0,14.82,20.82,26.25,baseline,cross-year base attention score rises; profit turns or remains negative
600675_2022_2023,600675,中华企业,2022,2023,1,True,1216259939,1219650634,0.26,1349818367.64,532105458.73,0.0,-8.44,-14.19,35.0,dividend_with_negative_cashflow,current-year dividend with negative operating cash flow
600675_2022_2024,600675,中华企业,2022,2024,2,False,1216259939,1223113350,-0.02,3809189872.28,-339816319.49,0.0,-14.62,-25.62,15.0,baseline,profit turns or remains negative
600675_2023_2024,600675,中华企业,2023,2024,1,True,1219650634,1223113350,-0.28,2459371504.64,-871921778.22,0.0,-6.18,-11.43,30.0,baseline,profit turns or remains negative
600683_2020_2021,600683,京投发展,2020,2021,1,True,1209681108,1212897448,-1.2,-2330516523.25,-168304709.35,-3.95,-8.19,-2.19,30.0,dividend_with_profit_decline,profit declines while dividend remains
600683_2020_2022,600683,京投发展,2020,2022,2,False,1209681108,1216235519,,-18222989916.62,-294733986.93,-3.95,11.01,16.01,11.25,baseline,cross-year base attention score rises
600683_2020_2023,600683,京投发展,2020,2023,3,False,1209681108,1219493208,,-14194912874.91,-1156162884.33,-3.95,24.01,33.01,37.5,attention_score_jump,cross-year base attention score jumps; profit turns or remains negative
600683_2020_2024,600683,京投发展,2020,2024,4,False,1209681108,1222992709,,-16080309050.98,-1551559820.53,-3.95,24.01,31.51,37.5,attention_score_jump,cross-year base attention score jumps; profit turns or remains negative
600683_2021_2022,600683,京投发展,2021,2022,1,True,1212897448,1216235519,,-15892473393.37,-126429277.58,0.0,19.2,18.2,25.0,baseline,cross-year base attention score rises
600683_2021_2023,600683,京投发展,2021,2023,2,False,1212897448,1219493208,,-11864396351.66,-987858174.98,0.0,32.2,35.2,37.5,attention_score_jump,cross-year base attention score jumps; profit turns or remains negative
600683_2021_2024,600683,京投发展,2021,2024,3,False,1212897448,1222992709,,-13749792527.73,-1383255111.18,0.0,32.2,33.7,37.5,attention_score_jump,cross-year base attention score jumps; profit turns or remains negative
600683_2022_2023,600683,京投发展,2022,2023,1,True,1216235519,1219493208,,4028077041.71,-861428897.4,0.0,13.0,17.0,45.0,baseline,cross-year base attention score rises; profit turns or remains negative
600683_2022_2024,600683,京投发展,2022,2024,2,False,1216235519,1222992709,,2142680865.64,-1256825833.6,0.0,13.0,15.5,26.25,baseline,cross-year base attention score rises; profit turns or remains negative
600683_2023_2024,600683,京投发展,2023,2024,1,True,1219493208,1222992709,,-1885396176.07,-395396936.2,0.0,0.0,-1.5,30.0,baseline,profit turns or remains negative
600736_2020_2021,600736,苏州高新,2020,2021,1,True,1209879258,1213108822,0.3,-6753020641.6,103404369.72,0.0,24.3,42.3,90.0,dividend_up_cashflow_down;dividend_with_negative_cashflow;attention_score_jump;high_cross_year_pressure,cross-year base attention score jumps; dividend rises while operating cash flow declines; current-year dividend with negative operating cash flow
600736_2020_2022,600736,苏州高新,2020,2022,2,False,1209879258,1216705586,0.07,-4252340347.93,7678883.39,2.82,23.63,35.63,60.0,dividend_up_cashflow_down;dividend_with_negative_cashflow;attention_score_jump;high_cross_year_pressure,cross-year base attention score jumps; dividend rises while operating cash flow declines; current-year dividend with negative operating cash flow
600736_2020_2023,600736,苏州高新,2020,2023,3,False,1209879258,1219876783,-0.13,-4207060802.93,-281849469.61,0.0,26.72,37.97,56.25,dividend_with_negative_cashflow;dividend_with_profit_decline;attention_score_jump;high_cross_year_pressure,cross-year base attention score jumps; current-year dividend with negative operating cash flow; profit declines while dividend remains
600736_2020_2024,600736,苏州高新,2020,2024,4,False,1209879258,1223317086,-0.22,-4415542894.93,-171441583.91,2.82,21.89,33.14,56.25,dividend_with_negative_cashflow;dividend_with_profit_decline;attention_score_jump;high_cross_year_pressure,cross-year base attention score jumps; current-year dividend with negative operating cash flow; profit declines while dividend remains
600736_2021_2022,600736,苏州高新,2021,2022,1,True,1213108822,1216705586,-0.23,2500680293.67,-95725486.33,2.82,-0.67,-6.67,55.0,dividend_with_negative_cashflow;dividend_with_profit_decline,current-year dividend with negative operating cash flow; profit declines while dividend remains
600736_2021_2023,600736,苏州高新,2021,2023,2,False,1213108822,1219876783,-0.43,2545959838.67,-385253839.33,0.0,2.42,-4.33,33.75,dividend_with_negative_cashflow;dividend_with_profit_decline,current-year dividend with negative operating cash flow; profit declines while dividend remains
600736_2021_2024,600736,苏州高新,2021,2024,3,False,1213108822,1223317086,-0.52,2337477746.67,-274845953.63,2.82,-2.41,-9.16,33.75,dividend_with_negative_cashflow;dividend_with_profit_decline,current-year dividend with negative operating cash flow; profit declines while dividend remains
600736_2022_2023,600736,苏州高新,2022,2023,1,True,1216705586,1219876783,-0.2,45279545.0,-289528353.0,-2.82,3.09,2.34,55.0,dividend_with_negative_cashflow;dividend_with_profit_decline,current-year dividend with negative operating cash flow; profit declines while dividend remains
600736_2022_2024,600736,苏州高新,2022,2024,2,False,1216705586,1223317086,-0.29,-163202547.0,-179120467.3,0.0,-1.74,-2.49,33.75,dividend_with_negative_cashflow;dividend_with_profit_decline,current-year dividend with negative operating cash flow; profit declines while dividend remains
600736_2023_2024,600736,苏州高新,2023,2024,1,True,1219876783,1223317086,-0.09,-208482092.0,110407885.7,2.82,-4.83,-4.83,35.0,dividend_with_negative_cashflow,current-year dividend with negative operating cash flow
600743_2020_2021,600743,华远地产,2020,2021,1,True,1209711003,1212974730,,1032774000.0,-1083519500.0,3.95,14.89,23.89,45.0,baseline,cross-year base attention score rises; profit turns or remains negative
600743_2020_2022,600743,华远地产,2020,2022,2,False,1209711003,1216663767,,-4508246800.0,-4235773400.0,3.95,22.39,29.89,37.5,attention_score_jump,cross-year base attention score jumps; profit turns or remains negative
600743_2020_2023,600743,华远地产,2020,2023,3,False,1209711003,1219854998,,-6239421200.0,-1950810500.0,0.0,28.9,36.4,37.5,attention_score_jump,cross-year base attention score jumps; profit turns or remains negative
600743_2020_2024,600743,华远地产,2020,2024,4,False,1209711003,1223414289,,-8233094800.0,-1820907700.0,-1.13,36.12,43.62,37.5,attention_score_jump,cross-year base attention score jumps; profit turns or remains negative
600743_2021_2022,600743,华远地产,2021,2022,1,True,1212974730,1216663767,,-5541020800.0,-3152253900.0,0.0,7.5,6.0,30.0,baseline,profit turns or remains negative
600743_2021_2023,600743,华远地产,2021,2023,2,False,1212974730,1219854998,,-7272195200.0,-867291000.0,-3.95,14.01,12.51,26.25,baseline,cross-year base attention score rises; profit turns or remains negative
600743_2021_2024,600743,华远地产,2021,2024,3,False,1212974730,1223414289,,-9265868800.0,-737388200.0,-5.08,21.23,19.73,37.5,attention_score_jump,cross-year base attention score jumps; profit turns or remains negative
600743_2022_2023,600743,华远地产,2022,2023,1,True,1216663767,1219854998,,-1731174400.0,2284962900.0,-3.95,6.51,6.51,0.0,baseline,cross-year baseline comparison
600743_2022_2024,600743,华远地产,2022,2024,2,False,1216663767,1223414289,,-3724848000.0,2414865700.0,-5.08,13.73,13.73,11.25,baseline,cross-year base attention score rises
600743_2023_2024,600743,华远地产,2023,2024,1,True,1219854998,1223414289,,-1993673600.0,129902800.0,-1.13,7.22,7.22,0.0,baseline,cross-year baseline comparison
600848_2020_2021,600848,上海临港,2020,2021,1,True,1209681921,1213176301,0.0,961438545.71,120846997.36,0.0,-7.5,-7.5,0.0,baseline,cross-year baseline comparison
600848_2020_2022,600848,上海临港,2020,2022,2,False,1209681921,1216402918,-1.0,1483201776.58,-405499283.12,0.0,-21.0,-15.0,15.0,dividend_with_profit_decline,profit declines while dividend remains
600848_2020_2023,600848,上海临港,2020,2023,3,False,1209681921,1219596576,-1.0,-4703451610.74,-353731342.02,-2.26,-6.57,3.43,33.75,dividend_with_negative_cashflow;dividend_with_profit_decline,current-year dividend with negative operating cash flow; profit declines while dividend remains
600848_2020_2024,600848,上海临港,2020,2024,4,False,1209681921,1223073233,-1.0,-3704014805.76,-317794231.59,-2.26,-6.57,0.43,33.75,dividend_with_negative_cashflow;dividend_with_profit_decline,current-year dividend with negative operating cash flow; profit declines while dividend remains
600848_2021_2022,600848,上海临港,2021,2022,1,True,1213176301,1216402918,-1.0,521763230.87,-526346280.48,0.0,-13.5,-7.5,30.0,dividend_with_profit_decline,profit declines while dividend remains
600848_2021_2023,600848,上海临港,2021,2023,2,False,1213176301,1219596576,-1.0,-5664890156.45,-474578339.38,-2.26,0.93,10.93,33.75,dividend_with_negative_cashflow;dividend_with_profit_decline,current-year dividend with negative operating cash flow; profit declines while dividend remains
600848_2021_2024,600848,上海临港,2021,2024,3,False,1213176301,1223073233,-1.0,-4665453351.47,-438641228.95,-2.26,0.93,7.93,33.75,dividend_with_negative_cashflow;dividend_with_profit_decline,current-year dividend with negative operating cash flow; profit declines while dividend remains
600848_2022_2023,600848,上海临港,2022,2023,1,True,1216402918,1219596576,0.0,-6186653387.32,51767941.1,-2.26,14.43,18.43,50.0,dividend_with_negative_cashflow,cross-year base attention score rises; current-year dividend with negative operating cash flow
600848_2022_2024,600848,上海临港,2022,2024,2,False,1216402918,1223073233,0.0,-5187216582.34,87705051.53,-2.26,14.43,15.43,30.0,dividend_with_negative_cashflow,cross-year base attention score rises; current-year dividend with negative operating cash flow
600848_2023_2024,600848,上海临港,2023,2024,1,True,1219596576,1223073233,0.0,999436804.98,35937110.43,0.0,0.0,-3.0,35.0,dividend_with_negative_cashflow,current-year dividend with negative operating cash flow
600895_2021_2022,600895,张江高科,2021,2022,1,True,1213263785,1216411318,0.1,-27792512.13,81594127.78,0.0,0.6,12.6,60.0,dividend_up_cashflow_down;dividend_with_negative_cashflow,dividend rises while operating cash flow declines; current-year dividend with negative operating cash flow
600895_2021_2023,600895,张江高科,2021,2023,2,False,1213263785,1219463872,0.4,-2357465674.35,207277433.52,2.82,3.11,15.11,37.5,dividend_up_cashflow_down;dividend_with_negative_cashflow,dividend rises while operating cash flow declines; current-year dividend with negative operating cash flow
600895_2021_2024,600895,张江高科,2021,2024,3,False,1213263785,1222946501,-0.02,-1973155811.21,241799469.1,0.0,-0.12,6.88,18.75,dividend_with_negative_cashflow,current-year dividend with negative operating cash flow
600895_2022_2023,600895,张江高科,2022,2023,1,True,1216411318,1219463872,0.3,-2329673162.22,125683305.74,2.82,2.51,2.51,60.0,dividend_up_cashflow_down;dividend_with_negative_cashflow,dividend rises while operating cash flow declines; current-year dividend with negative operating cash flow
600895_2022_2024,600895,张江高科,2022,2024,2,False,1216411318,1222946501,-0.12,-1945363299.08,160205341.32,0.0,-0.72,-5.72,18.75,dividend_with_negative_cashflow,current-year dividend with negative operating cash flow
600895_2023_2024,600895,张江高科,2023,2024,1,True,1219463872,1222946501,-0.42,384309863.14,34522035.58,-2.82,-3.23,-8.23,35.0,dividend_with_negative_cashflow,current-year dividend with negative operating cash flow
601155_2020_2021,601155,新城控股,2020,2021,1,True,1209464414,1212753271,-20.5,21602982065.0,-2657713020.0,0.0,-45.0,-45.0,0.0,baseline,cross-year baseline comparison
601155_2020_2022,601155,新城控股,2020,2022,2,False,1209464414,1216298501,-20.5,14152905922.0,-13861965537.0,0.0,-45.0,-45.0,0.0,baseline,cross-year baseline comparison
601155_2020_2023,601155,新城控股,2020,2023,3,False,1209464414,1219446608,-20.5,9775920220.0,-14518696353.0,8.47,-42.88,-42.88,0.0,baseline,cross-year baseline comparison
601155_2020_2024,601155,新城控股,2020,2024,4,False,1209464414,1224697369,-20.5,1130492987.0,-14503406233.0,2.82,-44.29,-44.29,0.0,baseline,cross-year baseline comparison
601155_2021_2022,601155,新城控股,2021,2022,1,True,1212753271,1216298501,0.0,-7450076143.0,-11204252517.0,0.0,0.0,0.0,0.0,baseline,cross-year baseline comparison
601155_2021_2023,601155,新城控股,2021,2023,2,False,1212753271,1219446608,0.0,-11827061845.0,-11860983333.0,8.47,2.12,2.12,0.0,baseline,cross-year baseline comparison
601155_2021_2024,601155,新城控股,2021,2024,3,False,1212753271,1224697369,0.0,-20472489078.0,-11845693213.0,2.82,0.71,0.71,0.0,baseline,cross-year baseline comparison
601155_2022_2023,601155,新城控股,2022,2023,1,True,1216298501,1219446608,0.0,-4376985702.0,-656730816.0,8.47,2.12,2.12,0.0,baseline,cross-year baseline comparison
601155_2022_2024,601155,新城控股,2022,2024,2,False,1216298501,1224697369,0.0,-13022412935.0,-641440696.0,2.82,0.71,0.71,0.0,baseline,cross-year baseline comparison
601155_2023_2024,601155,新城控股,2023,2024,1,True,1219446608,1224697369,0.0,-8645427233.0,15290120.0,-5.65,-1.41,-1.41,0.0,baseline,cross-year baseline comparison
